0,d
1,k
2,n
3,a
4,d
5,f
6,x
7,b
8,o
9,z
10,a
11,a
12,d
13,h
14,j
15,v
16,f
17,u
18,r
19,d
20,t
21,i
22,h
23,r
24,e
25,t
26,d
27,u
28,l
29,p
30,c
31,c
32,y
33,b
34,z
35,y
36,n
37,y
38,b
39,s
40,x
41,u
42,b
43,a
44,k
45,a
46,t
47,j
48,y
49,d
50,b
51,d
52,r
53,v
54,n
55,g
56,l
57,x
58,r
59,u
60,e
61,d
62,i
63,a
64,r
65,s
66,f
67,g
68,e
69,p
70,k
71,j
72,k
73,y
74,t
75,x
76,p
77,q
78,d
79,w
80,o
81,l
82,v
83,h
84,w
85,z
86,y
87,s
88,a
89,h
90,z
91,e
92,s
93,g
94,d
95,f
96,f
97,s
98,c
99,m
100,i
101,i
102,m
103,w
104,l
105,c
106,j
107,w
108,f
109,f
110,s
111,x
112,f
113,n
114,z
115,x
116,c
117,m
118,y
119,y
120,q
121,g
122,c
123,u
124,s
125,g
126,a
127,j
128,q
129,m
130,l
131,f
132,t
133,h
134,l
135,x
136,u
137,l
138,y
139,r
140,k
141,i
142,j
143,r
144,z
145,j
146,i
147,g
148,d
149,g
150,e
151,b
152,i
153,e
154,m
155,j
156,e
157,w
158,e
159,s
160,t
161,z
162,o
163,r
164,h
165,u
166,a
167,e
168,o
169,e
170,q
171,q
172,a
173,x
174,o
175,w
176,j
177,b
178,y
179,c
180,w
181,o
182,z
183,e
184,t
185,u
186,z
187,k
188,p
189,g
190,i
191,q
192,h
193,a
194,q
195,a
196,p
197,z
198,d
199,a
200,s
201,s
202,a
203,a
204,m
205,f
206,q
207,v
208,s
209,e
210,h
211,a
212,v
213,t
214,a
215,t
216,k
217,d
218,l
219,d
220,v
221,b
222,v
223,j
224,a
225,j
226,j
227,f
228,y
229,g
230,m
231,l
232,n
233,v
234,h
235,s
236,g
237,o
238,n
239,m
240,p
241,j
242,l
243,b
244,k
245,p
246,u
247,g
248,j
249,e
250,q
251,t
252,y
253,v
254,c
255,p
256,j
257,b
258,v
259,v
260,v
261,m
262,w
263,m
264,w
265,g
266,f
267,s
268,m
269,b
270,t
271,x
272,i
273,v
274,g
275,u
276,g
277,n
278,t
279,b
280,k
281,a
282,p
283,a
284,f
285,p
286,d
287,p
288,h
289,k
290,a
291,w
292,c
293,b
294,o
295,e
296,x
297,f
298,v
299,k
300,n
301,q
302,i
303,v
304,s
305,h
306,c
307,w
308,n
309,y
310,y
311,z
312,m
313,q
314,s
315,o
316,s
317,x
318,h
319,e
320,k
321,x
322,b
323,u
324,c
325,i
326,c
327,z
328,o
329,l
330,q
331,s
332,l
333,t
334,a
335,r
336,e
337,g
338,h
339,u
340,l
341,g
342,u
343,s
344,b
345,j
346,z
347,m
348,p
349,f
350,l
351,p
352,d
353,g
354,i
355,x
356,e
357,h
358,q
359,b
360,k
361,a
362,e
363,p
364,m
365,k
366,e
367,a
368,y
369,l
370,k
371,z
372,b
373,w
374,q
375,z
376,b
377,g
378,e
379,o
380,c
381,t
382,w
383,e
384,x
385,y
386,e
387,e
388,a
389,r
390,a
391,h
392,f
393,z
394,h
395,q
396,p
397,c
398,q
399,w
400,f
401,v
402,d
403,k
404,t
405,y
406,j
407,u
408,a
409,y
410,t
411,d
412,k
413,x
414,t
415,p
416,m
417,g
418,q
419,a
420,o
421,e
422,b
423,w
424,b
425,h
426,l
427,r
428,s
429,q
430,x
431,b
432,a
433,x
434,k
435,u
436,h
437,m
438,v
439,k
440,v
441,j
442,g
443,x
444,z
445,b
446,e
447,q
448,v
449,r
450,p
451,l
452,h
453,x
454,c
455,a
456,g
457,f
458,g
459,w
460,l
461,g
462,u
463,r
464,c
465,h
466,k
467,x
468,m
469,k
470,j
471,s
472,f
473,c
474,h
475,q
476,x
477,n
478,m
479,o
480,h
481,s
482,o
483,z
484,e
485,j
486,j
487,e
488,v
489,n
490,j
491,h
492,a
493,m
494,f
495,q
496,j
497,i
498,w
499,u
500,g
501,g
502,q
503,q
504,j
505,b
506,n
507,r
508,p
509,p
510,k
511,g
512,n
513,u
514,l
515,b
516,m
517,c
518,y
519,x
520,l
521,j
522,s
523,v
524,c
525,b
526,h
527,g
528,s
529,q
530,w
531,b
532,d
533,s
534,p
535,v
536,h
537,h
538,w
539,z
540,v
541,b
542,x
543,d
544,p
545,m
546,l
547,f
548,a
549,a
550,h
551,d
552,x
553,q
554,d
555,r
556,r
557,c
558,z
559,o
560,e
561,u
562,j
563,i
564,t
565,o
566,b
567,l
568,g
569,c
570,o
571,w
572,r
573,h
574,m
575,y
576,n
577,d
578,y
579,j
580,l
581,p
582,b
583,y
584,r
585,n
586,y
587,x
588,v
589,d
590,m
591,m
592,l
593,u
594,v
595,u
596,x
597,a
598,s
599,h
600,t
601,n
602,a
603,a
604,x
605,t
606,d
607,p
608,r
609,g
610,q
611,v
612,w
613,b
614,f
615,r
616,c
617,k
618,k
619,o
620,j
621,f
622,j
623,z
624,z
625,p
626,g
627,w
628,b
629,w
630,x
631,l
632,i
633,w
634,b
635,y
636,q
637,s
638,n
639,u
640,a
641,u
642,z
643,l
644,z
645,h
646,v
647,n
648,d
649,f
650,x
651,s
652,x
653,p
654,b
655,e
656,l
657,s
658,j
659,a
660,b
661,i
662,l
663,r
664,s
665,g
666,p
667,k
668,z
669,q
670,d
671,j
672,g
673,e
674,q
675,t
676,a
677,y
678,n
679,k
680,w
681,p
682,k
683,p
684,b
685,l
686,n
687,z
688,n
689,w
690,a
691,q
692,i
693,m
694,f
695,r
696,a
697,f
698,b
699,m
700,c
701,a
702,w
703,j
704,j
705,z
706,f
707,q
708,i
709,e
710,w
711,p
712,k
713,z
714,i
715,q
716,s
717,m
718,n
719,f
720,d
721,n
722,k
723,t
724,w
725,k
726,s
727,u
728,y
729,w
730,x
731,h
732,p
733,i
734,j
735,t
736,m
737,a
738,m
739,m
740,z
741,b
742,c
743,m
744,m
745,k
746,s
747,d
748,c
749,i
750,w
751,y
752,z
753,f
754,y
755,d
756,z
757,m
758,o
759,b
760,t
761,i
762,w
763,s
764,u
765,z
766,s
767,s
768,w
769,l
770,z
771,b
772,k
773,x
774,m
775,t
776,m
777,e
778,z
779,d
780,z
781,n
782,x
783,e
784,f
785,p
786,l
787,u
788,a
789,l
790,e
791,j
792,q
793,q
794,w
795,h
796,h
797,d
798,u
799,q
800,m
801,r
802,w
803,d
804,b
805,v
806,x
807,e
808,d
809,w
810,b
811,i
812,u
813,u
814,v
815,j
816,x
817,m
818,s
819,l
820,n
821,r
822,o
823,f
824,r
825,d
826,q
827,s
828,e
829,g
830,w
831,v
832,n
833,q
834,u
835,l
836,c
837,x
838,j
839,v
840,w
841,k
842,p
843,u
844,n
845,l
846,y
847,n
848,t
849,r
850,j
851,x
852,e
853,p
854,i
855,n
856,x
857,i
858,x
859,c
860,e
861,a
862,l
863,l
864,t
865,h
866,p
867,g
868,c
869,c
870,r
871,g
872,q
873,p
874,d
875,s
876,a
877,b
878,r
879,k
880,x
881,r
882,r
883,m
884,k
885,f
886,g
887,c
888,r
889,g
890,l
891,e
892,m
893,v
894,q
895,q
896,a
897,w
898,v
899,c
900,x
901,o
902,s
903,d
904,j
905,t
906,f
907,t
908,y
909,g
910,c
911,v
912,j
913,u
914,c
915,a
916,t
917,o
918,o
919,g
920,s
921,z
922,c
923,i
924,u
925,l
926,e
927,e
928,n
929,c
930,k
931,e
932,z
933,m
934,j
935,u
936,s
937,d
938,b
939,r
940,l
941,q
942,t
943,r
944,y
945,a
946,c
947,i
948,j
949,c
950,b
951,c
952,s
953,h
954,v
955,i
956,e
957,g
958,a
959,u
960,i
961,c
962,c
963,m
964,k
965,o
966,r
967,v
968,a
969,m
970,o
971,q
972,r
973,b
974,y
975,b
976,z
977,q
978,h
979,g
980,o
981,d
982,f
983,z
984,g
985,t
986,o
987,u
988,o
989,e
990,c
991,c
992,l
993,p
994,f
995,i
996,s
997,g
998,p
999,z
1000,f
1001,t
1002,a
1003,h
1004,h
1005,d
1006,w
1007,z
1008,g
1009,q
1010,q
1011,c
1012,b
1013,f
1014,h
1015,n
1016,h
1017,n
1018,l
1019,d
1020,r
1021,f
1022,n
1023,d
1024,g
1025,g
1026,j
1027,r
1028,s
1029,w
1030,m
1031,w
1032,o
1033,z
1034,p
1035,k
1036,n
1037,k
1038,j
1039,j
1040,o
1041,b
1042,x
1043,o
1044,y
1045,j
1046,i
1047,r
1048,l
1049,f
1050,m
1051,c
1052,t
1053,t
1054,a
1055,o
1056,i
1057,o
1058,r
1059,d
1060,n
1061,i
1062,u
1063,z
1064,h
1065,l
1066,v
1067,k
1068,b
1069,q
1070,g
1071,r
1072,z
1073,b
1074,k
1075,w
1076,j
1077,m
1078,v
1079,d
1080,b
1081,s
1082,n
1083,n
1084,w
1085,y
1086,f
1087,r
1088,c
1089,q
1090,j
1091,f
1092,l
1093,m
1094,m
1095,l
1096,t
1097,y
1098,k
1099,r
1100,z
1101,c
1102,z
1103,i
1104,k
1105,b
1106,j
1107,z
1108,l
1109,v
1110,r
1111,u
1112,h
1113,y
1114,q
1115,c
1116,j
1117,m
1118,t
1119,l
1120,l
1121,j
1122,p
1123,r
1124,g
1125,m
1126,p
1127,u
1128,p
1129,l
1130,x
1131,h
1132,h
1133,i
1134,u
1135,d
1136,u
1137,h
1138,s
1139,g
1140,w
1141,z
1142,a
1143,b
1144,y
1145,i
1146,j
1147,n
1148,k
1149,f
1150,v
1151,h
1152,z
1153,c
1154,w
1155,z
1156,q
1157,m
1158,c
1159,m
1160,q
1161,t
1162,p
1163,d
1164,e
1165,z
1166,n
1167,z
1168,c
1169,q
1170,m
1171,u
1172,r
1173,g
1174,n
1175,j
1176,d
1177,x
1178,b
1179,x
1180,x
1181,s
1182,s
1183,z
1184,b
1185,a
1186,b
1187,c
1188,v
1189,o
1190,a
1191,o
1192,h
1193,m
1194,a
1195,u
1196,j
1197,p
1198,h
1199,g
1200,a
1201,z
1202,w
1203,o
1204,q
1205,c
1206,f
1207,p
1208,l
1209,q
1210,q
1211,p
1212,k
1213,l
1214,v
1215,r
1216,o
1217,g
1218,m
1219,x
1220,a
1221,a
1222,h
1223,z
1224,q
1225,e
1226,l
1227,i
1228,c
1229,z
1230,o
1231,y
1232,n
1233,n
1234,a
1235,q
1236,f
1237,z
1238,a
1239,b
1240,x
1241,a
1242,k
1243,p
1244,s
1245,x
1246,t
1247,w
1248,s
1249,i
1250,s
1251,e
1252,x
1253,d
1254,k
1255,g
1256,x
1257,w
1258,h
1259,r
1260,t
1261,n
1262,r
1263,r
1264,o
1265,u
1266,z
1267,u
1268,c
1269,w
1270,x
1271,z
1272,f
1273,o
1274,t
1275,j
1276,b
1277,i
1278,r
1279,o
1280,k
1281,v
1282,b
1283,j
1284,o
1285,n
1286,s
1287,p
1288,v
1289,g
1290,s
1291,q
1292,o
1293,q
1294,x
1295,f
1296,l
1297,y
1298,k
1299,t
1300,r
1301,i
1302,g
1303,n
1304,i
1305,r
1306,l
1307,y
1308,d
1309,b
1310,j
1311,w
1312,l
1313,z
1314,s
1315,t
1316,c
1317,n
1318,j
1319,g
1320,e
1321,c
1322,j
1323,f
1324,j
1325,p
1326,r
1327,q
1328,t
1329,e
1330,t
1331,n
1332,p
1333,r
1334,m
1335,q
1336,f
1337,m
1338,x
1339,n
1340,t
1341,a
1342,c
1343,h
1344,p
1345,b
1346,h
1347,u
1348,n
1349,z
1350,s
1351,q
1352,k
1353,q
1354,p
1355,q
1356,f
1357,q
1358,p
1359,v
1360,v
1361,p
1362,t
1363,a
1364,c
1365,w
1366,j
1367,k
1368,y
1369,w
1370,h
1371,q
1372,j
1373,t
1374,b
1375,h
1376,b
1377,t
1378,x
1379,v
1380,g
1381,g
1382,x
1383,o
1384,f
1385,x
1386,e
1387,e
1388,t
1389,o
1390,c
1391,t
1392,v
1393,l
1394,r
1395,h
1396,h
1397,f
1398,d
1399,i
1400,t
1401,g
1402,d
1403,z
1404,g
1405,i
1406,r
1407,n
1408,k
1409,g
1410,j
1411,f
1412,b
1413,a
1414,n
1415,e
1416,i
1417,l
1418,y
1419,e
1420,b
1421,q
1422,r
1423,y
1424,w
1425,q
1426,t
1427,e
1428,k
1429,q
1430,x
1431,c
1432,x
1433,n
1434,n
1435,e
1436,c
1437,v
1438,r
1439,t
1440,y
1441,t
1442,r
1443,z
1444,c
1445,i
1446,c
1447,w
1448,e
1449,u
1450,p
1451,w
1452,f
1453,o
1454,r
1455,i
1456,v
1457,t
1458,b
1459,z
1460,n
1461,k
1462,n
1463,b
1464,s
1465,q
1466,u
1467,q
1468,d
1469,a
1470,l
1471,g
1472,k
1473,j
1474,l
1475,h
1476,x
1477,j
1478,y
1479,m
1480,e
1481,x
1482,f
1483,s
1484,r
1485,m
1486,v
1487,g
1488,a
1489,v
1490,p
1491,t
1492,n
1493,b
1494,s
1495,g
1496,w
1497,q
1498,u
1499,u
1500,z
1501,z
1502,u
1503,p
1504,j
1505,b
1506,q
1507,h
1508,m
1509,z
1510,s
1511,o
1512,k
1513,t
1514,n
1515,h
1516,t
1517,q
1518,o
1519,t
1520,c
1521,n
1522,x
1523,t
1524,g
1525,e
1526,q
1527,l
1528,t
1529,b
1530,a
1531,g
1532,y
1533,q
1534,r
1535,a
1536,u
1537,o
1538,f
1539,v
1540,s
1541,o
1542,u
1543,s
1544,f
1545,f
1546,r
1547,w
1548,k
1549,o
1550,l
1551,o
1552,e
1553,l
1554,e
1555,s
1556,e
1557,j
1558,n
1559,r
1560,c
1561,o
1562,h
1563,g
1564,r
1565,z
1566,j
1567,x
1568,f
1569,v
1570,u
1571,r
1572,i
1573,c
1574,b
1575,v
1576,k
1577,u
1578,x
1579,i
1580,e
1581,h
1582,y
1583,j
1584,l
1585,m
1586,i
1587,z
1588,x
1589,s
1590,s
1591,e
1592,o
1593,x
1594,g
1595,h
1596,t
1597,w
1598,r
1599,p
1600,o
1601,n
1602,y
1603,y
1604,a
1605,z
1606,r
1607,u
1608,n
1609,p
1610,f
1611,s
1612,b
1613,k
1614,c
1615,g
1616,p
1617,o
1618,l
1619,x
1620,o
1621,d
1622,p
1623,t
1624,u
1625,d
1626,a
1627,q
1628,u
1629,z
1630,j
1631,n
1632,v
1633,b
1634,s
1635,e
1636,z
1637,v
1638,l
1639,d
1640,h
1641,h
1642,y
1643,v
1644,u
1645,h
1646,i
1647,y
1648,f
1649,h
1650,j
1651,l
1652,f
1653,s
1654,l
1655,m
1656,k
1657,i
1658,h
1659,n
1660,o
1661,b
1662,u
1663,l
1664,z
1665,g
1666,m
1667,s
1668,y
1669,c
1670,s
1671,m
1672,n
1673,b
1674,g
1675,n
1676,x
1677,n
1678,u
1679,a
1680,m
1681,a
1682,j
1683,c
1684,s
1685,o
1686,o
1687,x
1688,z
1689,z
1690,w
1691,w
1692,j
1693,m
1694,h
1695,q
1696,s
1697,l
1698,n
1699,a
1700,c
1701,m
1702,u
1703,o
1704,v
1705,s
1706,e
1707,k
1708,o
1709,m
1710,d
1711,o
1712,w
1713,t
1714,h
1715,b
1716,k
1717,j
1718,v
1719,e
1720,s
1721,j
1722,n
1723,r
1724,x
1725,z
1726,j
1727,d
1728,w
1729,d
1730,t
1731,a
1732,b
1733,r
1734,q
1735,a
1736,k
1737,m
1738,l
1739,i
1740,k
1741,l
1742,f
1743,m
1744,i
1745,q
1746,m
1747,v
1748,n
1749,q
1750,n
1751,e
1752,x
1753,z
1754,y
1755,h
1756,t
1757,w
1758,z
1759,a
1760,i
1761,l
1762,d
1763,d
1764,j
1765,m
1766,p
1767,d
1768,t
1769,i
1770,w
1771,j
1772,b
1773,e
1774,w
1775,f
1776,l
1777,m
1778,h
1779,k
1780,v
1781,p
1782,y
1783,e
1784,l
1785,c
1786,h
1787,z
1788,t
1789,c
1790,p
1791,b
1792,l
1793,f
1794,i
1795,p
1796,g
1797,a
1798,c
1799,n
1800,g
1801,i
1802,c
1803,n
1804,p
1805,m
1806,g
1807,e
1808,x
1809,w
1810,j
1811,l
1812,x
1813,m
1814,z
1815,j
1816,r
1817,v
1818,p
1819,f
1820,e
1821,b
1822,y
1823,l
1824,o
1825,y
1826,b
1827,p
1828,v
1829,v
1830,a
1831,o
1832,q
1833,b
1834,f
1835,o
1836,f
1837,n
1838,x
1839,l
1840,b
1841,l
1842,z
1843,y
1844,t
1845,b
1846,h
1847,a
1848,q
1849,j
1850,k
1851,h
1852,e
1853,n
1854,b
1855,l
1856,m
1857,m
1858,i
1859,e
1860,h
1861,g
1862,s
1863,b
1864,e
1865,v
1866,k
1867,b
1868,z
1869,x
1870,y
1871,l
1872,c
1873,u
1874,b
1875,r
1876,r
1877,t
1878,l
1879,b
1880,e
1881,h
1882,j
1883,g
1884,v
1885,m
1886,p
1887,h
1888,f
1889,j
1890,c
1891,e
1892,d
1893,t
1894,k
1895,p
1896,o
1897,f
1898,z
1899,e
1900,r
1901,k
1902,l
1903,n
1904,k
1905,y
1906,a
1907,f
1908,c
1909,u
1910,i
1911,r
1912,v
1913,y
1914,l
1915,w
1916,r
1917,w
1918,v
1919,r
1920,n
1921,c
1922,j
1923,p
1924,z
1925,c
1926,z
1927,w
1928,j
1929,p
1930,e
1931,b
1932,a
1933,a
1934,h
1935,z
1936,u
1937,q
1938,s
1939,y
1940,a
1941,t
1942,t
1943,i
1944,z
1945,d
1946,v
1947,l
1948,o
1949,f
1950,s
1951,i
1952,h
1953,z
1954,f
1955,v
1956,k
1957,c
1958,q
1959,x
1960,s
1961,l
1962,d
1963,v
1964,y
1965,h
1966,p
1967,w
1968,z
1969,w
1970,z
1971,h
1972,v
1973,p
1974,z
1975,t
1976,z
1977,r
1978,a
1979,j
1980,f
1981,f
1982,n
1983,v
1984,e
1985,w
1986,i
1987,b
1988,l
1989,b
1990,q
1991,k
1992,c
1993,a
1994,r
1995,u
1996,l
1997,f
1998,q
1999,s
2000,x
2001,x
2002,j
2003,b
2004,n
2005,q
2006,c
2007,d
2008,f
2009,a
2010,q
2011,u
2012,p
2013,k
2014,o
2015,b
2016,v
2017,g
2018,o
2019,u
2020,a
2021,g
2022,o
2023,z
2024,l
2025,e
2026,a
2027,w
2028,u
2029,u
2030,v
2031,r
2032,f
2033,x
2034,z
2035,p
2036,n
2037,c
2038,p
2039,q
2040,z
2041,r
2042,g
2043,e
2044,e
2045,o
2046,a
2047,g
2048,j
2049,y
2050,q
2051,o
2052,r
2053,h
2054,u
2055,s
2056,s
2057,j
2058,a
2059,x
2060,j
2061,i
2062,q
2063,f
2064,o
2065,f
2066,p
2067,u
2068,s
2069,d
2070,x
2071,x
2072,q
2073,q
2074,s
2075,j
2076,u
2077,b
2078,a
2079,s
2080,k
2081,l
2082,k
2083,p
2084,y
2085,q
2086,l
2087,p
2088,c
2089,y
2090,l
2091,d
2092,c
2093,l
2094,w
2095,m
2096,p
2097,r
2098,u
2099,x
2100,x
2101,r
2102,m
2103,o
2104,t
2105,a
2106,u
2107,h
2108,z
2109,r
2110,a
2111,v
2112,z
2113,c
2114,i
2115,z
2116,h
2117,j
2118,m
2119,i
2120,h
2121,u
2122,f
2123,o
2124,z
2125,p
2126,e
2127,g
2128,a
2129,q
2130,j
2131,o
2132,g
2133,y
2134,j
2135,w
2136,x
2137,j
2138,r
2139,u
2140,n
2141,y
2142,n
2143,l
2144,t
2145,a
2146,c
2147,z
2148,z
2149,s
2150,c
2151,f
2152,e
2153,p
2154,r
2155,t
2156,i
2157,m
2158,f
2159,a
2160,e
2161,e
2162,j
2163,x
2164,b
2165,i
2166,a
2167,u
2168,u
2169,o
2170,t
2171,o
2172,d
2173,m
2174,k
2175,y
2176,e
2177,o
2178,g
2179,y
2180,q
2181,r
2182,u
2183,o
2184,k
2185,b
2186,f
2187,m
2188,o
2189,w
2190,k
2191,f
2192,c
2193,k
2194,l
2195,k
2196,y
2197,j
2198,x
2199,h
2200,j
2201,u
2202,t
2203,h
2204,p
2205,n
2206,m
2207,t
2208,x
2209,c
2210,j
2211,y
2212,j
2213,y
2214,v
2215,v
2216,z
2217,t
2218,p
2219,h
2220,a
2221,w
2222,r
2223,n
2224,s
2225,m
2226,z
2227,b
2228,i
2229,v
2230,r
2231,g
2232,r
2233,i
2234,m
2235,i
2236,u
2237,y
2238,w
2239,e
2240,h
2241,w
2242,d
2243,l
2244,e
2245,u
2246,v
2247,x
2248,a
2249,t
2250,p
2251,n
2252,c
2253,m
2254,h
2255,e
2256,t
2257,r
2258,m
2259,w
2260,w
2261,z
2262,f
2263,b
2264,w
2265,y
2266,i
2267,n
2268,c
2269,t
2270,f
2271,q
2272,y
2273,v
2274,s
2275,k
2276,b
2277,n
2278,z
2279,y
2280,s
2281,r
2282,j
2283,a
2284,y
2285,d
2286,u
2287,b
2288,l
2289,w
2290,y
2291,d
2292,h
2293,y
2294,l
2295,m
2296,l
2297,y
2298,n
2299,s
2300,l
2301,x
2302,w
2303,a
2304,d
2305,p
2306,q
2307,c
2308,t
2309,g
2310,y
2311,l
2312,p
2313,q
2314,t
2315,y
2316,c
2317,w
2318,u
2319,p
2320,b
2321,k
2322,d
2323,n
2324,a
2325,o
2326,x
2327,d
2328,t
2329,j
2330,w
2331,u
2332,i
2333,r
2334,r
2335,i
2336,r
2337,q
2338,p
2339,t
2340,q
2341,z
2342,n
2343,z
2344,m
2345,i
2346,d
2347,m
2348,s
2349,t
2350,b
2351,p
2352,e
2353,m
2354,u
2355,q
2356,z
2357,k
2358,v
2359,v
2360,p
2361,c
2362,z
2363,y
2364,z
2365,p
2366,f
2367,w
2368,i
2369,f
2370,v
2371,f
2372,o
2373,m
2374,n
2375,g
2376,w
2377,s
2378,g
2379,x
2380,x
2381,v
2382,b
2383,f
2384,x
2385,d
2386,n
2387,s
2388,s
2389,m
2390,l
2391,m
2392,r
2393,t
2394,q
2395,y
2396,q
2397,d
2398,x
2399,n
2400,h
2401,y
2402,p
2403,w
2404,p
2405,u
2406,a
2407,q
2408,y
2409,o
2410,c
2411,r
2412,s
2413,t
2414,r
2415,f
2416,j
2417,o
2418,r
2419,k
2420,f
2421,l
2422,n
2423,l
2424,s
2425,q
2426,l
2427,e
2428,z
2429,d
2430,i
2431,i
2432,l
2433,o
2434,n
2435,r
2436,k
2437,z
2438,x
2439,y
2440,i
2441,g
2442,v
2443,c
2444,n
2445,d
2446,x
2447,s
2448,y
2449,b
2450,z
2451,m
2452,y
2453,h
2454,e
2455,e
2456,o
2457,e
2458,a
2459,w
2460,f
2461,e
2462,b
2463,n
2464,g
2465,w
2466,r
2467,j
2468,n
2469,w
2470,p
2471,v
2472,x
2473,x
2474,w
2475,v
2476,k
2477,t
2478,u
2479,z
2480,t
2481,k
2482,c
2483,y
2484,r
2485,h
2486,v
2487,e
2488,c
2489,a
2490,h
2491,f
2492,i
2493,j
2494,s
2495,p
2496,p
2497,x
2498,x
2499,o
2500,o
2501,a
2502,x
2503,t
2504,f
2505,z
2506,w
2507,f
2508,v
2509,n
2510,z
2511,s
2512,j
2513,c
2514,d
2515,i
2516,c
2517,l
2518,o
2519,a
2520,z
2521,t
2522,b
2523,s
2524,k
2525,n
2526,u
2527,d
2528,f
2529,s
2530,z
2531,y
2532,i
2533,f
2534,q
2535,t
2536,b
2537,a
2538,x
2539,y
2540,g
2541,j
2542,s
2543,e
2544,y
2545,x
2546,w
2547,k
2548,m
2549,h
2550,w
2551,k
2552,x
2553,b
2554,i
2555,x
2556,w
2557,z
2558,s
2559,j
2560,g
2561,m
2562,q
2563,g
2564,r
2565,v
2566,i
2567,k
2568,c
2569,x
2570,u
2571,c
2572,w
2573,k
2574,i
2575,p
2576,y
2577,z
2578,o
2579,e
2580,r
2581,j
2582,y
2583,v
2584,g
2585,r
2586,d
2587,y
2588,y
2589,z
2590,f
2591,j
2592,z
2593,y
2594,s
2595,h
2596,d
2597,s
2598,e
2599,w
2600,s
2601,z
2602,j
2603,g
2604,r
2605,j
2606,e
2607,u
2608,o
2609,h
2610,r
2611,j
2612,a
2613,x
2614,o
2615,z
2616,g
2617,j
2618,r
2619,k
2620,c
2621,n
2622,y
2623,q
2624,f
2625,r
2626,b
2627,x
2628,j
2629,e
2630,l
2631,b
2632,t
2633,f
2634,m
2635,a
2636,d
2637,c
2638,d
2639,a
2640,o
2641,t
2642,b
2643,l
2644,b
2645,l
2646,k
2647,l
2648,n
2649,i
2650,x
2651,m
2652,o
2653,p
2654,f
2655,t
2656,l
2657,g
2658,n
2659,s
2660,z
2661,b
2662,u
2663,w
2664,l
2665,o
2666,c
2667,k
2668,d
2669,b
2670,g
2671,s
2672,w
2673,a
2674,q
2675,i
2676,k
2677,f
2678,n
2679,r
2680,t
2681,w
2682,z
2683,a
2684,f
2685,k
2686,b
2687,g
2688,w
2689,y
2690,m
2691,a
2692,l
2693,h
2694,g
2695,g
2696,i
2697,y
2698,z
2699,b
2700,z
2701,w
2702,c
2703,h
2704,e
2705,v
2706,k
2707,m
2708,h
2709,z
2710,n
2711,h
2712,q
2713,i
2714,p
2715,q
2716,e
2717,z
2718,d
2719,i
2720,c
2721,c
2722,g
2723,u
2724,i
2725,p
2726,x
2727,d
2728,m
2729,s
2730,z
2731,c
2732,r
2733,m
2734,y
2735,z
2736,j
2737,v
2738,u
2739,e
2740,m
2741,f
2742,c
2743,x
2744,o
2745,b
2746,j
2747,w
2748,v
2749,i
2750,w
2751,e
2752,x
2753,y
2754,e
2755,x
2756,y
2757,c
2758,u
2759,m
2760,j
2761,i
2762,c
2763,v
2764,i
2765,j
2766,c
2767,g
2768,a
2769,h
2770,i
2771,h
2772,c
2773,w
2774,c
2775,a
2776,z
2777,q
2778,n
2779,z
2780,q
2781,i
2782,t
2783,y
2784,y
2785,y
2786,u
2787,h
2788,z
2789,a
2790,h
2791,v
2792,j
2793,d
2794,o
2795,y
2796,m
2797,f
2798,v
2799,u
2800,i
2801,o
2802,o
2803,p
2804,w
2805,o
2806,c
2807,f
2808,t
2809,m
2810,p
2811,i
2812,h
2813,n
2814,s
2815,g
2816,s
2817,h
2818,g
2819,k
2820,b
2821,o
2822,m
2823,s
2824,s
2825,i
2826,d
2827,r
2828,t
2829,f
2830,o
2831,q
2832,n
2833,t
2834,s
2835,b
2836,y
2837,g
2838,m
2839,n
2840,o
2841,i
2842,n
2843,b
2844,g
2845,l
2846,a
2847,j
2848,u
2849,v
2850,t
2851,n
2852,h
2853,j
2854,h
2855,p
2856,d
2857,a
2858,p
2859,p
2860,c
2861,p
2862,w
2863,s
2864,o
2865,n
2866,c
2867,v
2868,o
2869,o
2870,f
2871,t
2872,e
2873,p
2874,m
2875,k
2876,h
2877,c
2878,f
2879,i
2880,z
2881,v
2882,m
2883,o
2884,n
2885,v
2886,a
2887,s
2888,e
2889,b
2890,r
2891,n
2892,t
2893,s
2894,k
2895,x
2896,s
2897,r
2898,t
2899,b
2900,a
2901,i
2902,o
2903,f
2904,f
2905,q
2906,k
2907,k
2908,r
2909,q
2910,x
2911,z
2912,d
2913,o
2914,l
2915,r
2916,t
2917,b
2918,e
2919,f
2920,t
2921,k
2922,d
2923,d
2924,e
2925,w
2926,a
2927,i
2928,a
2929,o
2930,f
2931,e
2932,g
2933,t
2934,i
2935,m
2936,u
2937,c
2938,d
2939,f
2940,r
2941,k
2942,m
2943,n
2944,k
2945,s
2946,l
2947,x
2948,a
2949,j
2950,j
2951,s
2952,j
2953,w
2954,t
2955,u
2956,y
2957,p
2958,z
2959,b
2960,y
2961,f
2962,g
2963,c
2964,n
2965,p
2966,y
2967,m
2968,s
2969,e
2970,x
2971,x
2972,j
2973,o
2974,s
2975,x
2976,b
2977,g
2978,c
2979,j
2980,e
2981,x
2982,a
2983,h
2984,t
2985,m
2986,c
2987,u
2988,t
2989,l
2990,s
2991,k
2992,g
2993,j
2994,g
2995,a
2996,p
2997,m
2998,i
2999,s
3000,b
3001,z
3002,i
3003,f
3004,d
3005,d
3006,y
3007,n
3008,n
3009,a
3010,a
3011,l
3012,z
3013,o
3014,c
3015,u
3016,n
3017,n
3018,i
3019,z
3020,h
3021,y
3022,j
3023,m
3024,e
3025,p
3026,z
3027,v
3028,x
3029,q
3030,t
3031,h
3032,e
3033,j
3034,z
3035,c
3036,f
3037,i
3038,y
3039,t
3040,z
3041,v
3042,k
3043,d
3044,k
3045,i
3046,d
3047,u
3048,k
3049,y
3050,q
3051,g
3052,v
3053,y
3054,f
3055,q
3056,q
3057,r
3058,z
3059,j
3060,d
3061,s
3062,w
3063,z
3064,p
3065,l
3066,g
3067,c
3068,w
3069,f
3070,j
3071,m
3072,m
3073,i
3074,s
3075,m
3076,z
3077,a
3078,u
3079,b
3080,l
3081,h
3082,b
3083,l
3084,t
3085,h
3086,e
3087,c
3088,d
3089,o
3090,d
3091,m
3092,l
3093,d
3094,c
3095,l
3096,j
3097,h
3098,x
3099,l
3100,m
3101,l
3102,o
3103,h
3104,s
3105,u
3106,j
3107,z
3108,m
3109,o
3110,x
3111,m
3112,r
3113,i
3114,r
3115,w
3116,l
3117,d
3118,b
3119,x
3120,y
3121,g
3122,x
3123,c
3124,w
3125,n
3126,c
3127,h
3128,r
3129,m
3130,y
3131,i
3132,z
3133,w
3134,z
3135,e
3136,c
3137,u
3138,y
3139,q
3140,q
3141,i
3142,y
3143,e
3144,y
3145,h
3146,y
3147,y
3148,n
3149,d
3150,c
3151,i
3152,d
3153,m
3154,v
3155,y
3156,e
3157,g
3158,y
3159,i
3160,a
3161,k
3162,f
3163,c
3164,s
3165,g
3166,l
3167,x
3168,p
3169,v
3170,c
3171,h
3172,f
3173,e
3174,k
3175,j
3176,r
3177,a
3178,h
3179,q
3180,z
3181,d
3182,k
3183,p
3184,f
3185,o
3186,g
3187,u
3188,l
3189,c
3190,f
3191,h
3192,j
3193,c
3194,y
3195,x
3196,b
3197,r
3198,g
3199,b
3200,b
3201,u
3202,w
3203,l
3204,d
3205,d
3206,w
3207,m
3208,l
3209,q
3210,s
3211,a
3212,y
3213,y
3214,w
3215,a
3216,w
3217,d
3218,t
3219,g
3220,v
3221,b
3222,c
3223,v
3224,q
3225,e
3226,m
3227,d
3228,o
3229,x
3230,o
3231,t
3232,r
3233,l
3234,m
3235,g
3236,r
3237,h
3238,q
3239,r
3240,q
3241,c
3242,d
3243,c
3244,f
3245,u
3246,u
3247,o
3248,j
3249,e
3250,g
3251,s
3252,u
3253,u
3254,g
3255,v
3256,z
3257,s
3258,d
3259,h
3260,j
3261,d
3262,f
3263,p
3264,g
3265,t
3266,t
3267,e
3268,j
3269,x
3270,z
3271,s
3272,n
3273,f
3274,g
3275,n
3276,s
3277,h
3278,z
3279,a
3280,d
3281,g
3282,u
3283,y
3284,r
3285,k
3286,u
3287,z
3288,b
3289,d
3290,j
3291,d
3292,x
3293,v
3294,l
3295,i
3296,s
3297,i
3298,d
3299,e
3300,f
3301,d
3302,g
3303,r
3304,f
3305,v
3306,h
3307,i
3308,t
3309,u
3310,y
3311,s
3312,t
3313,e
3314,n
3315,m
3316,x
3317,f
3318,f
3319,z
3320,d
3321,u
3322,p
3323,j
3324,e
3325,m
3326,v
3327,p
3328,c
3329,j
3330,y
3331,a
3332,u
3333,l
3334,m
3335,i
3336,h
3337,t
3338,a
3339,b
3340,w
3341,f
3342,u
3343,p
3344,s
3345,x
3346,x
3347,j
3348,k
3349,y
3350,v
3351,r
3352,y
3353,y
3354,c
3355,i
3356,g
3357,p
3358,r
3359,m
3360,v
3361,w
3362,o
3363,i
3364,q
3365,r
3366,q
3367,z
3368,n
3369,x
3370,z
3371,o
3372,z
3373,z
3374,c
3375,o
3376,k
3377,u
3378,g
3379,t
3380,s
3381,v
3382,r
3383,e
3384,z
3385,k
3386,s
3387,z
3388,c
3389,q
3390,y
3391,m
3392,d
3393,q
3394,k
3395,e
3396,r
3397,a
3398,b
3399,p
3400,l
3401,q
3402,d
3403,x
3404,x
3405,r
3406,u
3407,f
3408,v
3409,m
3410,x
3411,u
3412,p
3413,h
3414,a
3415,e
3416,w
3417,d
3418,g
3419,a
3420,k
3421,k
3422,z
3423,t
3424,t
3425,h
3426,c
3427,o
3428,n
3429,k
3430,j
3431,j
3432,u
3433,u
3434,q
3435,z
3436,l
3437,p
3438,h
3439,g
3440,a
3441,k
3442,u
3443,z
3444,b
3445,q
3446,b
3447,g
3448,s
3449,w
3450,q
3451,x
3452,x
3453,a
3454,d
3455,d
3456,g
3457,y
3458,b
3459,w
3460,s
3461,c
3462,p
3463,v
3464,c
3465,s
3466,s
3467,j
3468,b
3469,v
3470,y
3471,q
3472,q
3473,p
3474,p
3475,f
3476,n
3477,p
3478,r
3479,o
3480,a
3481,r
3482,j
3483,o
3484,j
3485,s
3486,z
3487,g
3488,e
3489,h
3490,y
3491,z
3492,f
3493,r
3494,w
3495,d
3496,t
3497,b
3498,a
3499,h
3500,z
3501,v
3502,e
3503,w
3504,i
3505,u
3506,o
3507,o
3508,d
3509,i
3510,q
3511,h
3512,i
3513,m
3514,d
3515,g
3516,u
3517,w
3518,b
3519,g
3520,o
3521,p
3522,w
3523,r
3524,v
3525,t
3526,b
3527,l
3528,j
3529,s
3530,x
3531,x
3532,t
3533,n
3534,a
3535,i
3536,p
3537,u
3538,j
3539,y
3540,r
3541,n
3542,j
3543,g
3544,e
3545,u
3546,f
3547,g
3548,m
3549,q
3550,w
3551,p
3552,j
3553,j
3554,a
3555,y
3556,g
3557,f
3558,d
3559,n
3560,x
3561,d
3562,l
3563,k
3564,v
3565,z
3566,x
3567,o
3568,h
3569,k
3570,d
3571,x
3572,m
3573,g
3574,b
3575,n
3576,p
3577,s
3578,c
3579,y
3580,z
3581,a
3582,r
3583,w
3584,b
3585,s
3586,c
3587,z
3588,e
3589,g
3590,p
3591,d
3592,o
3593,e
3594,x
3595,w
3596,u
3597,j
3598,e
3599,v
3600,d
3601,m
3602,u
3603,q
3604,i
3605,v
3606,d
3607,b
3608,t
3609,t
3610,m
3611,w
3612,o
3613,f
3614,b
3615,w
3616,l
3617,r
3618,l
3619,i
3620,z
3621,k
3622,j
3623,s
3624,d
3625,y
3626,h
3627,r
3628,k
3629,q
3630,f
3631,o
3632,o
3633,h
3634,k
3635,y
3636,o
3637,y
3638,c
3639,e
3640,i
3641,r
3642,j
3643,f
3644,i
3645,o
3646,l
3647,n
3648,k
3649,z
3650,j
3651,f
3652,n
3653,x
3654,c
3655,l
3656,k
3657,u
3658,o
3659,u
3660,x
3661,t
3662,j
3663,w
3664,o
3665,m
3666,t
3667,z
3668,e
3669,h
3670,a
3671,p
3672,e
3673,p
3674,x
3675,z
3676,f
3677,v
3678,p
3679,n
3680,z
3681,v
3682,s
3683,v
3684,r
3685,q
3686,p
3687,o
3688,c
3689,i
3690,m
3691,c
3692,g
3693,o
3694,z
3695,z
3696,a
3697,w
3698,h
3699,h
3700,k
3701,i
3702,m
3703,a
3704,x
3705,k
3706,u
3707,c
3708,s
3709,x
3710,w
3711,q
3712,q
3713,g
3714,m
3715,f
3716,s
3717,w
3718,y
3719,t
3720,s
3721,q
3722,y
3723,v
3724,t
3725,i
3726,x
3727,b
3728,h
3729,h
3730,e
3731,t
3732,t
3733,l
3734,c
3735,l
3736,l
3737,n
3738,d
3739,q
3740,q
3741,d
3742,d
3743,w
3744,u
3745,f
3746,y
3747,s
3748,j
3749,j
3750,h
3751,g
3752,y
3753,f
3754,r
3755,h
3756,w
3757,i
3758,u
3759,z
3760,b
3761,g
3762,j
3763,t
3764,p
3765,s
3766,e
3767,c
3768,e
3769,w
3770,m
3771,j
3772,o
3773,z
3774,d
3775,t
3776,g
3777,u
3778,k
3779,n
3780,k
3781,r
3782,r
3783,j
3784,b
3785,a
3786,h
3787,t
3788,q
3789,k
3790,o
3791,q
3792,b
3793,p
3794,e
3795,x
3796,s
3797,f
3798,w
3799,e
3800,e
3801,l
3802,v
3803,d
3804,e
3805,q
3806,d
3807,w
3808,o
3809,q
3810,e
3811,w
3812,v
3813,e
3814,g
3815,k
3816,s
3817,c
3818,o
3819,b
3820,f
3821,d
3822,b
3823,f
3824,k
3825,n
3826,l
3827,s
3828,c
3829,g
3830,y
3831,y
3832,z
3833,j
3834,s
3835,x
3836,q
3837,e
3838,b
3839,q
3840,h
3841,f
3842,c
3843,x
3844,i
3845,b
3846,r
3847,m
3848,b
3849,f
3850,x
3851,o
3852,j
3853,x
3854,e
3855,q
3856,y
3857,h
3858,a
3859,v
3860,j
3861,e
3862,x
3863,h
3864,o
3865,j
3866,u
3867,h
3868,e
3869,d
3870,s
3871,n
3872,m
3873,k
3874,k
3875,y
3876,m
3877,d
3878,p
3879,j
3880,r
3881,k
3882,v
3883,j
3884,z
3885,u
3886,a
3887,r
3888,y
3889,u
3890,b
3891,e
3892,c
3893,n
3894,z
3895,q
3896,w
3897,m
3898,p
3899,z
3900,t
3901,t
3902,s
3903,v
3904,n
3905,h
3906,h
3907,f
3908,o
3909,q
3910,a
3911,i
3912,h
3913,r
3914,g
3915,x
3916,j
3917,u
3918,b
3919,x
3920,h
3921,r
3922,p
3923,f
3924,m
3925,g
3926,t
3927,x
3928,z
3929,b
3930,j
3931,v
3932,c
3933,z
3934,n
3935,t
3936,r
3937,j
3938,l
3939,v
3940,f
3941,d
3942,p
3943,q
3944,k
3945,j
3946,h
3947,h
3948,z
3949,v
3950,e
3951,k
3952,l
3953,s
3954,w
3955,t
3956,k
3957,l
3958,u
3959,h
3960,q
3961,w
3962,c
3963,w
3964,s
3965,z
3966,f
3967,i
3968,z
3969,o
3970,q
3971,q
3972,r
3973,o
3974,j
3975,n
3976,m
3977,q
3978,s
3979,o
3980,q
3981,x
3982,y
3983,d
3984,h
3985,v
3986,o
3987,t
3988,q
3989,j
3990,s
3991,e
3992,f
3993,l
3994,k
3995,p
3996,b
3997,a
3998,m
3999,z
4000,r
4001,b
4002,g
4003,i
4004,q
4005,f
4006,v
4007,a
4008,p
4009,b
4010,w
4011,v
4012,s
4013,e
4014,c
4015,x
4016,y
4017,x
4018,x
4019,d
4020,g
4021,o
4022,m
4023,d
4024,n
4025,x
4026,m
4027,y
4028,c
4029,o
4030,j
4031,w
4032,o
4033,k
4034,j
4035,o
4036,c
4037,q
4038,m
4039,d
4040,p
4041,n
4042,j
4043,j
4044,z
4045,e
4046,f
4047,i
4048,g
4049,e
4050,j
4051,j
4052,k
4053,s
4054,s
4055,h
4056,t
4057,t
4058,v
4059,g
4060,e
4061,d
4062,s
4063,j
4064,r
4065,u
4066,j
4067,d
4068,i
4069,f
4070,l
4071,y
4072,h
4073,n
4074,s
4075,p
4076,g
4077,t
4078,i
4079,h
4080,a
4081,k
4082,a
4083,k
4084,t
4085,j
4086,k
4087,e
4088,v
4089,g
4090,d
4091,r
4092,n
4093,i
4094,s
4095,t
4096,v
4097,c
4098,g
4099,v
4100,u
4101,a
4102,n
4103,t
4104,n
4105,a
4106,m
4107,v
4108,d
4109,t
4110,n
4111,y
4112,r
4113,q
4114,n
4115,o
4116,y
4117,h
4118,e
4119,p
4120,q
4121,u
4122,j
4123,v
4124,b
4125,v
4126,s
4127,h
4128,w
4129,f
4130,r
4131,c
4132,q
4133,f
4134,y
4135,m
4136,l
4137,n
4138,h
4139,g
4140,k
4141,q
4142,j
4143,i
4144,d
4145,k
4146,y
4147,h
4148,a
4149,s
4150,i
4151,k
4152,t
4153,w
4154,w
4155,d
4156,g
4157,n
4158,o
4159,t
4160,r
4161,u
4162,g
4163,t
4164,t
4165,m
4166,t
4167,b
4168,y
4169,f
4170,l
4171,n
4172,p
4173,a
4174,l
4175,i
4176,h
4177,h
4178,d
4179,i
4180,v
4181,w
4182,n
4183,y
4184,z
4185,i
4186,k
4187,x
4188,w
4189,g
4190,l
4191,w
4192,j
4193,i
4194,n
4195,q
4196,t
4197,j
4198,b
4199,s
4200,b
4201,j
4202,t
4203,h
4204,y
4205,z
4206,i
4207,g
4208,c
4209,z
4210,a
4211,e
4212,x
4213,f
4214,d
4215,a
4216,f
4217,m
4218,o
4219,w
4220,c
4221,m
4222,b
4223,m
4224,m
4225,u
4226,d
4227,h
4228,g
4229,k
4230,u
4231,b
4232,f
4233,y
4234,z
4235,w
4236,e
4237,d
4238,v
4239,e
4240,l
4241,o
4242,f
4243,l
4244,k
4245,p
4246,v
4247,b
4248,p
4249,x
4250,o
4251,x
4252,e
4253,l
4254,m
4255,v
4256,t
4257,q
4258,x
4259,j
4260,o
4261,l
4262,x
4263,a
4264,j
4265,s
4266,l
4267,k
4268,o
4269,d
4270,p
4271,t
4272,x
4273,r
4274,t
4275,z
4276,d
4277,y
4278,k
4279,g
4280,l
4281,v
4282,h
4283,m
4284,z
4285,o
4286,w
4287,z
4288,i
4289,v
4290,f
4291,b
4292,e
4293,i
4294,y
4295,o
4296,z
4297,r
4298,j
4299,j
4300,e
4301,l
4302,s
4303,i
4304,q
4305,c
4306,g
4307,k
4308,w
4309,c
4310,l
4311,n
4312,s
4313,u
4314,u
4315,t
4316,f
4317,r
4318,f
4319,s
4320,o
4321,l
4322,s
4323,b
4324,g
4325,z
4326,k
4327,t
4328,b
4329,c
4330,b
4331,p
4332,g
4333,o
4334,p
4335,r
4336,q
4337,n
4338,o
4339,l
4340,d
4341,e
4342,f
4343,u
4344,s
4345,p
4346,y
4347,y
4348,s
4349,t
4350,s
4351,a
4352,c
4353,f
4354,o
4355,d
4356,k
4357,m
4358,l
4359,y
4360,g
4361,f
4362,n
4363,v
4364,w
4365,l
4366,h
4367,x
4368,k
4369,d
4370,t
4371,d
4372,z
4373,t
4374,k
4375,h
4376,j
4377,d
4378,h
4379,o
4380,r
4381,d
4382,j
4383,g
4384,i
4385,h
4386,e
4387,e
4388,f
4389,a
4390,v
4391,e
4392,h
4393,k
4394,t
4395,b
4396,y
4397,o
4398,e
4399,s
4400,j
4401,b
4402,b
4403,u
4404,i
4405,p
4406,t
4407,l
4408,f
4409,p
4410,w
4411,d
4412,i
4413,n
4414,v
4415,x
4416,o
4417,m
4418,g
4419,a
4420,t
4421,b
4422,f
4423,v
4424,v
4425,u
4426,k
4427,y
4428,t
4429,u
4430,o
4431,m
4432,i
4433,o
4434,d
4435,a
4436,c
4437,v
4438,h
4439,e
4440,l
4441,q
4442,l
4443,n
4444,h
4445,q
4446,j
4447,w
4448,p
4449,u
4450,d
4451,u
4452,h
4453,u
4454,v
4455,b
4456,d
4457,n
4458,s
4459,q
4460,k
4461,e
4462,y
4463,b
4464,m
4465,b
4466,p
4467,e
4468,k
4469,v
4470,j
4471,b
4472,y
4473,s
4474,o
4475,k
4476,s
4477,d
4478,a
4479,v
4480,j
4481,w
4482,m
4483,i
4484,z
4485,i
4486,i
4487,j
4488,t
4489,u
4490,p
4491,b
4492,v
4493,a
4494,y
4495,f
4496,p
4497,m
4498,h
4499,n
4500,w
4501,j
4502,k
4503,m
4504,p
4505,b
4506,z
4507,q
4508,u
4509,m
4510,x
4511,s
4512,s
4513,y
4514,t
4515,w
4516,r
4517,r
4518,k
4519,q
4520,m
4521,s
4522,a
4523,k
4524,e
4525,q
4526,z
4527,a
4528,b
4529,y
4530,n
4531,f
4532,q
4533,d
4534,m
4535,c
4536,u
4537,k
4538,i
4539,n
4540,r
4541,h
4542,i
4543,y
4544,v
4545,x
4546,q
4547,l
4548,z
4549,s
4550,v
4551,q
4552,f
4553,i
4554,l
4555,p
4556,f
4557,o
4558,m
4559,q
4560,f
4561,d
4562,r
4563,w
4564,d
4565,g
4566,w
4567,k
4568,a
4569,j
4570,s
4571,s
4572,z
4573,g
4574,u
4575,r
4576,v
4577,a
4578,s
4579,q
4580,v
4581,k
4582,m
4583,g
4584,w
4585,j
4586,z
4587,r
4588,k
4589,i
4590,n
4591,b
4592,p
4593,c
4594,m
4595,q
4596,d
4597,s
4598,n
4599,w
4600,o
4601,a
4602,j
4603,x
4604,l
4605,p
4606,u
4607,e
4608,o
4609,w
4610,i
4611,z
4612,o
4613,f
4614,n
4615,l
4616,s
4617,u
4618,a
4619,p
4620,u
4621,k
4622,p
4623,p
4624,j
4625,x
4626,u
4627,q
4628,y
4629,i
4630,o
4631,h
4632,o
4633,w
4634,v
4635,s
4636,d
4637,n
4638,x
4639,y
4640,l
4641,c
4642,i
4643,i
4644,r
4645,v
4646,t
4647,d
4648,i
4649,g
4650,r
4651,v
4652,r
4653,o
4654,s
4655,t
4656,b
4657,p
4658,p
4659,l
4660,o
4661,y
4662,i
4663,l
4664,z
4665,l
4666,g
4667,w
4668,v
4669,l
4670,y
4671,v
4672,l
4673,z
4674,b
4675,w
4676,y
4677,w
4678,m
4679,s
4680,u
4681,q
4682,p
4683,d
4684,p
4685,n
4686,k
4687,h
4688,w
4689,u
4690,z
4691,d
4692,x
4693,m
4694,v
4695,l
4696,c
4697,u
4698,g
4699,n
4700,l
4701,f
4702,x
4703,m
4704,f
4705,u
4706,i
4707,f
4708,v
4709,m
4710,x
4711,l
4712,j
4713,t
4714,g
4715,f
4716,z
4717,a
4718,h
4719,q
4720,z
4721,d
4722,e
4723,a
4724,k
4725,r
4726,y
4727,p
4728,n
4729,w
4730,o
4731,p
4732,k
4733,w
4734,b
4735,b
4736,j
4737,u
4738,d
4739,u
4740,e
4741,z
4742,l
4743,p
4744,o
4745,g
4746,f
4747,y
4748,v
4749,l
4750,h
4751,x
4752,f
4753,u
4754,s
4755,x
4756,e
4757,d
4758,g
4759,d
4760,b
4761,u
4762,s
4763,e
4764,l
4765,j
4766,p
4767,q
4768,l
4769,w
4770,b
4771,r
4772,l
4773,f
4774,k
4775,o
4776,j
4777,a
4778,f
4779,w
4780,r
4781,f
4782,z
4783,k
4784,c
4785,k
4786,l
4787,u
4788,z
4789,p
4790,k
4791,h
4792,r
4793,m
4794,o
4795,u
4796,x
4797,e
4798,i
4799,k
4800,x
4801,o
4802,s
4803,i
4804,z
4805,x
4806,r
4807,t
4808,n
4809,d
4810,y
4811,t
4812,y
4813,e
4814,t
4815,a
4816,p
4817,y
4818,k
4819,z
4820,p
4821,f
4822,p
4823,c
4824,r
4825,i
4826,g
4827,r
4828,m
4829,y
4830,z
4831,c
4832,q
4833,r
4834,f
4835,w
4836,c
4837,q
4838,t
4839,s
4840,p
4841,o
4842,w
4843,h
4844,q
4845,x
4846,a
4847,j
4848,v
4849,b
4850,p
4851,y
4852,y
4853,t
4854,s
4855,n
4856,m
4857,b
4858,k
4859,z
4860,i
4861,d
4862,e
4863,n
4864,e
4865,v
4866,r
4867,z
4868,x
4869,k
4870,v
4871,x
4872,p
4873,d
4874,k
4875,q
4876,n
4877,u
4878,n
4879,l
4880,g
4881,c
4882,i
4883,d
4884,o
4885,z
4886,v
4887,h
4888,n
4889,n
4890,y
4891,l
4892,v
4893,d
4894,c
4895,k
4896,v
4897,f
4898,j
4899,c
4900,y
4901,c
4902,y
4903,k
4904,g
4905,j
4906,d
4907,c
4908,u
4909,u
4910,f
4911,e
4912,l
4913,a
4914,c
4915,o
4916,a
4917,g
4918,l
4919,d
4920,o
4921,w
4922,p
4923,a
4924,o
4925,f
4926,d
4927,e
4928,w
4929,x
4930,z
4931,a
4932,f
4933,t
4934,q
4935,n
4936,j
4937,m
4938,f
4939,g
4940,l
4941,j
4942,r
4943,s
4944,v
4945,m
4946,f
4947,v
4948,t
4949,q
4950,f
4951,j
4952,k
4953,w
4954,t
4955,t
4956,m
4957,l
4958,p
4959,y
4960,z
4961,a
4962,c
4963,d
4964,d
4965,j
4966,m
4967,y
4968,c
4969,z
4970,n
4971,m
4972,o
4973,z
4974,x
4975,n
4976,i
4977,b
4978,s
4979,o
4980,f
4981,u
4982,i
4983,a
4984,o
4985,n
4986,g
4987,n
4988,y
4989,e
4990,a
4991,l
4992,c
4993,m
4994,u
4995,b
4996,b
4997,f
4998,u
4999,n
5000,u
5001,g
5002,g
5003,e
5004,o
5005,y
5006,k
5007,k
5008,t
5009,g
5010,p
5011,v
5012,g
5013,j
5014,j
5015,c
5016,w
5017,q
5018,c
5019,r
5020,u
5021,e
5022,o
5023,x
5024,f
5025,a
5026,j
5027,g
5028,m
5029,r
5030,s
5031,k
5032,c
5033,m
5034,q
5035,r
5036,d
5037,c
5038,b
5039,w
5040,d
5041,e
5042,g
5043,q
5044,o
5045,d
5046,w
5047,i
5048,v
5049,l
5050,n
5051,b
5052,o
5053,x
5054,w
5055,h
5056,x
5057,a
5058,p
5059,v
5060,x
5061,x
5062,i
5063,f
5064,x
5065,b
5066,a
5067,m
5068,l
5069,l
5070,r
5071,i
5072,t
5073,i
5074,f
5075,n
5076,x
5077,n
5078,s
5079,d
5080,s
5081,m
5082,u
5083,a
5084,e
5085,h
5086,s
5087,e
5088,x
5089,r
5090,q
5091,q
5092,n
5093,t
5094,u
5095,h
5096,h
5097,s
5098,o
5099,f
5100,r
5101,n
5102,r
5103,g
5104,x
5105,y
5106,d
5107,p
5108,e
5109,m
5110,c
5111,x
5112,s
5113,q
5114,x
5115,c
5116,i
5117,g
5118,n
5119,i
5120,u
5121,m
5122,z
5123,z
5124,j
5125,h
5126,d
5127,y
5128,x
5129,c
5130,p
5131,e
5132,c
5133,i
5134,f
5135,w
5136,r
5137,h
5138,u
5139,g
5140,f
5141,o
5142,t
5143,x
5144,r
5145,z
5146,m
5147,t
5148,v
5149,n
5150,i
5151,b
5152,s
5153,e
5154,c
5155,c
5156,k
5157,v
5158,r
5159,d
5160,y
5161,y
5162,m
5163,l
5164,h
5165,w
5166,m
5167,i
5168,t
5169,z
5170,d
5171,y
5172,m
5173,x
5174,g
5175,c
5176,o
5177,k
5178,n
5179,s
5180,q
5181,w
5182,l
5183,s
5184,c
5185,i
5186,n
5187,b
5188,b
5189,h
5190,v
5191,p
5192,o
5193,r
5194,y
5195,f
5196,n
5197,t
5198,f
5199,j
5200,q
5201,v
5202,t
5203,y
5204,m
5205,f
5206,i
5207,s
5208,k
5209,n
5210,y
5211,h
5212,b
5213,c
5214,b
5215,m
5216,a
5217,k
5218,k
5219,i
5220,o
5221,r
5222,c
5223,a
5224,i
5225,p
5226,d
5227,n
5228,n
5229,a
5230,x
5231,k
5232,g
5233,n
5234,j
5235,n
5236,t
5237,q
5238,l
5239,t
5240,h
5241,j
5242,u
5243,b
5244,u
5245,b
5246,u
5247,o
5248,t
5249,w
5250,d
5251,g
5252,v
5253,h
5254,n
5255,d
5256,o
5257,u
5258,c
5259,r
5260,a
5261,z
5262,l
5263,u
5264,h
5265,m
5266,z
5267,v
5268,v
5269,y
5270,i
5271,p
5272,i
5273,y
5274,p
5275,o
5276,h
5277,f
5278,u
5279,i
5280,u
5281,n
5282,z
5283,p
5284,i
5285,d
5286,j
5287,a
5288,t
5289,d
5290,v
5291,r
5292,p
5293,l
5294,h
5295,o
5296,s
5297,d
5298,w
5299,m
5300,t
5301,x
5302,m
5303,r
5304,c
5305,b
5306,d
5307,e
5308,m
5309,d
5310,f
5311,i
5312,n
5313,t
5314,y
5315,d
5316,j
5317,z
5318,k
5319,x
5320,o
5321,k
5322,c
5323,e
5324,c
5325,c
5326,a
5327,x
5328,o
5329,d
5330,m
5331,e
5332,v
5333,a
5334,e
5335,r
5336,h
5337,p
5338,g
5339,z
5340,i
5341,b
5342,h
5343,d
5344,w
5345,c
5346,o
5347,p
5348,u
5349,l
5350,z
5351,w
5352,e
5353,r
5354,v
5355,a
5356,z
5357,d
5358,f
5359,o
5360,e
5361,b
5362,t
5363,y
5364,n
5365,k
5366,s
5367,p
5368,s
5369,h
5370,k
5371,l
5372,v
5373,e
5374,d
5375,p
5376,d
5377,r
5378,h
5379,u
5380,p
5381,q
5382,z
5383,d
5384,a
5385,v
5386,m
5387,f
5388,e
5389,q
5390,b
5391,k
5392,g
5393,k
5394,r
5395,v
5396,m
5397,j
5398,j
5399,h
5400,u
5401,g
5402,e
5403,x
5404,p
5405,v
5406,t
5407,r
5408,k
5409,a
5410,z
5411,c
5412,b
5413,k
5414,f
5415,o
5416,y
5417,k
5418,q
5419,v
5420,r
5421,u
5422,f
5423,n
5424,b
5425,j
5426,s
5427,t
5428,g
5429,y
5430,d
5431,w
5432,d
5433,d
5434,r
5435,y
5436,v
5437,s
5438,q
5439,e
5440,p
5441,i
5442,u
5443,d
5444,w
5445,o
5446,e
5447,e
5448,x
5449,n
5450,f
5451,u
5452,j
5453,a
5454,h
5455,c
5456,q
5457,r
5458,a
5459,q
5460,z
5461,t
5462,q
5463,e
5464,q
5465,z
5466,x
5467,n
5468,r
5469,i
5470,p
5471,u
5472,g
5473,j
5474,z
5475,t
5476,m
5477,y
5478,g
5479,g
5480,q
5481,c
5482,o
5483,a
5484,f
5485,q
5486,s
5487,a
5488,v
5489,p
5490,c
5491,f
5492,a
5493,o
5494,c
5495,k
5496,s
5497,d
5498,k
5499,y
5500,i
5501,s
5502,b
5503,c
5504,t
5505,y
5506,u
5507,p
5508,k
5509,n
5510,y
5511,k
5512,p
5513,n
5514,s
5515,t
5516,i
5517,m
5518,a
5519,j
5520,z
5521,w
5522,m
5523,x
5524,v
5525,m
5526,m
5527,c
5528,y
5529,u
5530,m
5531,u
5532,s
5533,u
5534,p
5535,y
5536,c
5537,x
5538,t
5539,i
5540,o
5541,d
5542,v
5543,e
5544,g
5545,r
5546,c
5547,h
5548,f
5549,g
5550,l
5551,v
5552,v
5553,d
5554,m
5555,i
5556,c
5557,f
5558,w
5559,p
5560,k
5561,i
5562,a
5563,c
5564,r
5565,y
5566,z
5567,p
5568,a
5569,l
5570,o
5571,q
5572,g
5573,j
5574,w
5575,q
5576,o
5577,k
5578,s
5579,o
5580,j
5581,g
5582,t
5583,j
5584,a
5585,k
5586,r
5587,s
5588,g
5589,e
5590,z
5591,g
5592,p
5593,k
5594,c
5595,j
5596,r
5597,i
5598,k
5599,i
5600,r
5601,v
5602,h
5603,n
5604,z
5605,g
5606,g
5607,g
5608,n
5609,c
5610,x
5611,o
5612,t
5613,c
5614,g
5615,y
5616,q
5617,k
5618,v
5619,l
5620,j
5621,v
5622,n
5623,b
5624,e
5625,e
5626,b
5627,m
5628,k
5629,q
5630,t
5631,f
5632,h
5633,q
5634,h
5635,i
5636,h
5637,q
5638,r
5639,u
5640,n
5641,a
5642,l
5643,h
5644,n
5645,a
5646,j
5647,t
5648,e
5649,t
5650,v
5651,c
5652,r
5653,o
5654,x
5655,p
5656,d
5657,p
5658,t
5659,s
5660,x
5661,t
5662,z
5663,q
5664,z
5665,n
5666,e
5667,y
5668,g
5669,x
5670,o
5671,v
5672,a
5673,z
5674,w
5675,o
5676,a
5677,u
5678,m
5679,o
5680,n
5681,s
5682,v
5683,q
5684,i
5685,h
5686,e
5687,q
5688,z
5689,j
5690,o
5691,y
5692,t
5693,c
5694,f
5695,i
5696,w
5697,p
5698,k
5699,f
5700,f
5701,f
5702,w
5703,g
5704,i
5705,q
5706,s
5707,v
5708,p
5709,g
5710,k
5711,b
5712,b
5713,j
5714,o
5715,d
5716,r
5717,e
5718,e
5719,r
5720,d
5721,x
5722,v
5723,d
5724,o
5725,j
5726,l
5727,i
5728,a
5729,r
5730,n
5731,x
5732,s
5733,u
5734,o
5735,x
5736,l
5737,m
5738,s
5739,y
5740,q
5741,d
5742,m
5743,x
5744,g
5745,l
5746,h
5747,r
5748,s
5749,t
5750,w
5751,u
5752,l
5753,p
5754,p
5755,u
5756,t
5757,b
5758,w
5759,i
5760,k
5761,q
5762,l
5763,g
5764,t
5765,c
5766,p
5767,c
5768,p
5769,h
5770,a
5771,m
5772,n
5773,j
5774,m
5775,j
5776,j
5777,u
5778,c
5779,f
5780,b
5781,i
5782,j
5783,p
5784,w
5785,w
5786,e
5787,v
5788,j
5789,f
5790,l
5791,p
5792,r
5793,t
5794,m
5795,x
5796,v
5797,r
5798,d
5799,z
5800,o
5801,l
5802,z
5803,s
5804,a
5805,l
5806,z
5807,n
5808,u
5809,w
5810,g
5811,s
5812,d
5813,t
5814,o
5815,i
5816,j
5817,q
5818,z
5819,b
5820,f
5821,j
5822,v
5823,w
5824,g
5825,g
5826,n
5827,d
5828,s
5829,m
5830,l
5831,m
5832,c
5833,p
5834,j
5835,q
5836,s
5837,p
5838,h
5839,z
5840,z
5841,y
5842,w
5843,v
5844,k
5845,l
5846,m
5847,g
5848,c
5849,q
5850,q
5851,u
5852,h
5853,q
5854,f
5855,p
5856,y
5857,s
5858,g
5859,u
5860,g
5861,g
5862,k
5863,d
5864,z
5865,j
5866,y
5867,m
5868,h
5869,w
5870,g
5871,k
5872,w
5873,q
5874,w
5875,z
5876,c
5877,m
5878,p
5879,b
5880,c
5881,b
5882,a
5883,e
5884,f
5885,q
5886,q
5887,u
5888,j
5889,h
5890,x
5891,i
5892,r
5893,p
5894,l
5895,r
5896,b
5897,t
5898,d
5899,p
5900,l
5901,o
5902,p
5903,t
5904,l
5905,u
5906,y
5907,n
5908,i
5909,t
5910,a
5911,r
5912,g
5913,o
5914,p
5915,m
5916,h
5917,n
5918,i
5919,s
5920,l
5921,s
5922,l
5923,r
5924,c
5925,k
5926,t
5927,k
5928,g
5929,c
5930,u
5931,h
5932,t
5933,t
5934,l
5935,e
5936,c
5937,u
5938,t
5939,r
5940,c
5941,m
5942,v
5943,y
5944,i
5945,u
5946,w
5947,t
5948,g
5949,s
5950,o
5951,e
5952,d
5953,r
5954,f
5955,e
5956,t
5957,p
5958,f
5959,f
5960,n
5961,m
5962,y
5963,a
5964,d
5965,x
5966,k
5967,a
5968,j
5969,s
5970,i
5971,o
5972,o
5973,s
5974,o
5975,z
5976,x
5977,e
5978,e
5979,v
5980,q
5981,b
5982,v
5983,e
5984,o
5985,j
5986,t
5987,o
5988,c
5989,d
5990,a
5991,h
5992,p
5993,y
5994,i
5995,z
5996,r
5997,f
5998,k
5999,s
6000,w
6001,n
6002,r
6003,q
6004,l
6005,t
6006,x
6007,t
6008,a
6009,v
6010,b
6011,c
6012,f
6013,b
6014,d
6015,p
6016,p
6017,w
6018,w
6019,l
6020,o
6021,y
6022,o
6023,a
6024,u
6025,p
6026,t
6027,n
6028,j
6029,z
6030,r
6031,m
6032,h
6033,h
6034,r
6035,j
6036,d
6037,g
6038,e
6039,c
6040,h
6041,t
6042,l
6043,n
6044,y
6045,w
6046,u
6047,f
6048,f
6049,y
6050,c
6051,e
6052,p
6053,h
6054,o
6055,f
6056,j
6057,e
6058,u
6059,e
6060,k
6061,u
6062,c
6063,l
6064,n
6065,e
6066,y
6067,n
6068,q
6069,k
6070,e
6071,z
6072,x
6073,t
6074,r
6075,e
6076,h
6077,y
6078,z
6079,k
6080,m
6081,e
6082,h
6083,v
6084,w
6085,q
6086,h
6087,w
6088,m
6089,l
6090,p
6091,a
6092,b
6093,e
6094,e
6095,x
6096,v
6097,b
6098,d
6099,t
6100,o
6101,f
6102,z
6103,f
6104,d
6105,z
6106,p
6107,n
6108,h
6109,l
6110,c
6111,s
6112,z
6113,k
6114,k
6115,u
6116,d
6117,h
6118,v
6119,x
6120,a
6121,q
6122,l
6123,q
6124,f
6125,u
6126,z
6127,k
6128,h
6129,d
6130,g
6131,m
6132,o
6133,q
6134,q
6135,k
6136,o
6137,i
6138,z
6139,v
6140,q
6141,t
6142,o
6143,t
6144,h
6145,y
6146,x
6147,w
6148,k
6149,g
6150,h
6151,w
6152,y
6153,k
6154,q
6155,c
6156,q
6157,c
6158,h
6159,g
6160,a
6161,l
6162,c
6163,a
6164,n
6165,m
6166,w
6167,d
6168,x
6169,y
6170,d
6171,d
6172,q
6173,b
6174,y
6175,z
6176,o
6177,v
6178,j
6179,j
6180,x
6181,b
6182,r
6183,v
6184,h
6185,g
6186,s
6187,r
6188,a
6189,l
6190,m
6191,v
6192,q
6193,b
6194,e
6195,n
6196,q
6197,b
6198,a
6199,x
6200,q
6201,k
6202,f
6203,d
6204,b
6205,j
6206,q
6207,q
6208,w
6209,s
6210,l
6211,k
6212,m
6213,m
6214,n
6215,o
6216,p
6217,e
6218,v
6219,b
6220,t
6221,f
6222,n
6223,x
6224,c
6225,g
6226,s
6227,m
6228,p
6229,z
6230,e
6231,w
6232,d
6233,q
6234,n
6235,t
6236,n
6237,e
6238,v
6239,g
6240,m
6241,z
6242,a
6243,y
6244,c
6245,d
6246,t
6247,f
6248,t
6249,w
6250,z
6251,k
6252,y
6253,k
6254,n
6255,d
6256,h
6257,h
6258,k
6259,q
6260,l
6261,t
6262,f
6263,m
6264,l
6265,t
6266,z
6267,e
6268,r
6269,o
6270,t
6271,p
6272,m
6273,s
6274,v
6275,o
6276,p
6277,u
6278,z
6279,c
6280,k
6281,b
6282,n
6283,l
6284,u
6285,y
6286,c
6287,c
6288,w
6289,h
6290,j
6291,d
6292,v
6293,y
6294,x
6295,z
6296,z
6297,n
6298,k
6299,i
6300,v
6301,h
6302,i
6303,m
6304,u
6305,e
6306,u
6307,v
6308,m
6309,t
6310,w
6311,f
6312,k
6313,c
6314,p
6315,n
6316,m
6317,w
6318,s
6319,s
6320,j
6321,o
6322,b
6323,h
6324,d
6325,g
6326,i
6327,o
6328,o
6329,t
6330,a
6331,v
6332,i
6333,y
6334,r
6335,b
6336,k
6337,z
6338,m
6339,s
6340,x
6341,m
6342,a
6343,j
6344,s
6345,y
6346,z
6347,s
6348,i
6349,s
6350,n
6351,f
6352,j
6353,s
6354,i
6355,b
6356,j
6357,p
6358,w
6359,n
6360,f
6361,g
6362,l
6363,s
6364,y
6365,z
6366,z
6367,r
6368,o
6369,n
6370,d
6371,y
6372,i
6373,a
6374,o
6375,y
6376,p
6377,x
6378,b
6379,y
6380,m
6381,l
6382,s
6383,a
6384,v
6385,y
6386,g
6387,b
6388,x
6389,z
6390,i
6391,g
6392,y
6393,z
6394,l
6395,a
6396,j
6397,v
6398,w
6399,n
6400,m
6401,l
6402,l
6403,m
6404,k
6405,t
6406,v
6407,b
6408,k
6409,w
6410,h
6411,k
6412,k
6413,z
6414,a
6415,k
6416,p
6417,x
6418,b
6419,p
6420,r
6421,l
6422,q
6423,h
6424,j
6425,n
6426,q
6427,t
6428,g
6429,p
6430,h
6431,b
6432,a
6433,h
6434,w
6435,j
6436,t
6437,w
6438,i
6439,n
6440,d
6441,v
6442,g
6443,a
6444,m
6445,l
6446,j
6447,q
6448,y
6449,c
6450,t
6451,a
6452,q
6453,d
6454,c
6455,p
6456,b
6457,t
6458,h
6459,h
6460,j
6461,x
6462,l
6463,p
6464,m
6465,w
6466,n
6467,j
6468,f
6469,j
6470,e
6471,i
6472,y
6473,l
6474,a
6475,k
6476,v
6477,j
6478,h
6479,a
6480,t
6481,c
6482,i
6483,d
6484,h
6485,c
6486,t
6487,i
6488,s
6489,c
6490,i
6491,f
6492,q
6493,e
6494,h
6495,w
6496,g
6497,k
6498,y
6499,t
6500,a
6501,z
6502,x
6503,u
6504,e
6505,a
6506,r
6507,z
6508,y
6509,p
6510,b
6511,u
6512,g
6513,q
6514,j
6515,s
6516,a
6517,i
6518,o
6519,b
6520,q
6521,n
6522,n
6523,d
6524,x
6525,l
6526,o
6527,l
6528,g
6529,a
6530,c
6531,s
6532,l
6533,g
6534,k
6535,w
6536,h
6537,b
6538,n
6539,y
6540,k
6541,b
6542,r
6543,f
6544,s
6545,j
6546,i
6547,x
6548,o
6549,m
6550,n
6551,y
6552,t
6553,h
6554,u
6555,c
6556,o
6557,y
6558,x
6559,c
6560,a
6561,s
6562,y
6563,b
6564,c
6565,p
6566,i
6567,d
6568,f
6569,e
6570,w
6571,l
6572,p
6573,b
6574,i
6575,w
6576,u
6577,x
6578,z
6579,p
6580,q
6581,u
6582,o
6583,c
6584,a
6585,d
6586,m
6587,i
6588,q
6589,f
6590,m
6591,i
6592,f
6593,f
6594,f
6595,n
6596,j
6597,n
6598,a
6599,r
6600,g
6601,z
6602,h
6603,a
6604,p
6605,h
6606,p
6607,v
6608,a
6609,e
6610,h
6611,i
6612,l
6613,w
6614,y
6615,s
6616,a
6617,w
6618,h
6619,z
6620,y
6621,k
6622,c
6623,s
6624,j
6625,m
6626,e
6627,j
6628,x
6629,q
6630,f
6631,j
6632,p
6633,x
6634,q
6635,g
6636,e
6637,r
6638,w
6639,t
6640,j
6641,v
6642,j
6643,f
6644,p
6645,w
6646,n
6647,s
6648,s
6649,m
6650,u
6651,s
6652,m
6653,l
6654,i
6655,a
6656,e
6657,e
6658,b
6659,k
6660,a
6661,k
6662,t
6663,k
6664,h
6665,l
6666,p
6667,v
6668,b
6669,r
6670,m
6671,g
6672,o
6673,q
6674,d
6675,a
6676,y
6677,m
6678,d
6679,n
6680,a
6681,o
6682,e
6683,g
6684,y
6685,a
6686,t
6687,a
6688,l
6689,k
6690,v
6691,d
6692,c
6693,t
6694,j
6695,e
6696,f
6697,g
6698,i
6699,t
6700,h
6701,n
6702,v
6703,n
6704,y
6705,k
6706,o
6707,t
6708,g
6709,q
6710,d
6711,x
6712,z
6713,i
6714,p
6715,z
6716,a
6717,p
6718,k
6719,f
6720,h
6721,v
6722,g
6723,x
6724,g
6725,h
6726,o
6727,d
6728,x
6729,t
6730,n
6731,n
6732,n
6733,q
6734,p
6735,f
6736,z
6737,v
6738,g
6739,b
6740,u
6741,o
6742,x
6743,f
6744,i
6745,e
6746,l
6747,t
6748,a
6749,l
6750,d
6751,i
6752,o
6753,a
6754,u
6755,y
6756,u
6757,e
6758,z
6759,m
6760,s
6761,k
6762,i
6763,y
6764,t
6765,p
6766,w
6767,g
6768,o
6769,m
6770,t
6771,s
6772,b
6773,u
6774,i
6775,d
6776,z
6777,j
6778,f
6779,b
6780,n
6781,g
6782,p
6783,n
6784,l
6785,w
6786,p
6787,h
6788,i
6789,w
6790,t
6791,g
6792,b
6793,d
6794,z
6795,c
6796,x
6797,e
6798,c
6799,k
6800,k
6801,f
6802,w
6803,b
6804,a
6805,s
6806,w
6807,z
6808,d
6809,p
6810,j
6811,f
6812,o
6813,l
6814,n
6815,r
6816,t
6817,k
6818,y
6819,s
6820,d
6821,p
6822,n
6823,j
6824,g
6825,t
6826,n
6827,j
6828,b
6829,u
6830,k
6831,o
6832,z
6833,n
6834,p
6835,b
6836,v
6837,q
6838,k
6839,f
6840,z
6841,q
6842,d
6843,g
6844,u
6845,i
6846,k
6847,d
6848,t
6849,a
6850,p
6851,z
6852,r
6853,l
6854,z
6855,y
6856,i
6857,p
6858,g
6859,s
6860,c
6861,p
6862,a
6863,n
6864,w
6865,r
6866,k
6867,e
6868,v
6869,y
6870,p
6871,k
6872,d
6873,r
6874,v
6875,a
6876,d
6877,i
6878,d
6879,f
6880,k
6881,p
6882,s
6883,b
6884,c
6885,f
6886,e
6887,d
6888,a
6889,i
6890,g
6891,n
6892,w
6893,i
6894,z
6895,p
6896,c
6897,g
6898,r
6899,k
6900,l
6901,a
6902,n
6903,c
6904,s
6905,b
6906,z
6907,h
6908,l
6909,f
6910,j
6911,h
6912,m
6913,x
6914,f
6915,h
6916,a
6917,y
6918,h
6919,i
6920,k
6921,s
6922,o
6923,f
6924,v
6925,d
6926,m
6927,h
6928,h
6929,l
6930,i
6931,v
6932,n
6933,v
6934,p
6935,p
6936,x
6937,n
6938,v
6939,q
6940,a
6941,w
6942,c
6943,i
6944,f
6945,v
6946,q
6947,h
6948,w
6949,s
6950,p
6951,n
6952,h
6953,g
6954,m
6955,p
6956,e
6957,v
6958,w
6959,d
6960,i
6961,f
6962,t
6963,o
6964,h
6965,h
6966,m
6967,b
6968,o
6969,o
6970,u
6971,s
6972,l
6973,r
6974,b
6975,r
6976,q
6977,b
6978,m
6979,z
6980,q
6981,u
6982,d
6983,r
6984,c
6985,c
6986,a
6987,t
6988,n
6989,e
6990,q
6991,m
6992,i
6993,n
6994,w
6995,s
6996,b
6997,d
6998,r
6999,l
7000,y
7001,v
7002,s
7003,z
7004,p
7005,b
7006,z
7007,k
7008,e
7009,i
7010,t
7011,w
7012,g
7013,m
7014,n
7015,z
7016,y
7017,l
7018,g
7019,d
7020,m
7021,q
7022,e
7023,h
7024,n
7025,a
7026,c
7027,f
7028,j
7029,o
7030,t
7031,w
7032,w
7033,p
7034,v
7035,x
7036,z
7037,w
7038,w
7039,o
7040,u
7041,e
7042,b
7043,m
7044,t
7045,t
7046,y
7047,u
7048,h
7049,j
7050,w
7051,b
7052,x
7053,r
7054,n
7055,y
7056,e
7057,d
7058,f
7059,p
7060,s
7061,c
7062,p
7063,h
7064,l
7065,v
7066,o
7067,n
7068,f
7069,g
7070,g
7071,w
7072,d
7073,v
7074,m
7075,j
7076,b
7077,b
7078,n
7079,d
7080,x
7081,t
7082,u
7083,m
7084,f
7085,h
7086,w
7087,r
7088,o
7089,a
7090,p
7091,g
7092,s
7093,y
7094,i
7095,w
7096,x
7097,i
7098,m
7099,h
7100,j
7101,t
7102,k
7103,y
7104,h
7105,o
7106,e
7107,g
7108,q
7109,b
7110,l
7111,e
7112,e
7113,e
7114,s
7115,a
7116,j
7117,q
7118,u
7119,z
7120,l
7121,p
7122,i
7123,h
7124,s
7125,x
7126,s
7127,d
7128,k
7129,e
7130,h
7131,z
7132,r
7133,r
7134,e
7135,u
7136,l
7137,c
7138,h
7139,a
7140,l
7141,h
7142,p
7143,e
7144,h
7145,l
7146,b
7147,t
7148,g
7149,g
7150,i
7151,b
7152,e
7153,j
7154,r
7155,l
7156,m
7157,v
7158,q
7159,x
7160,w
7161,m
7162,s
7163,k
7164,z
7165,o
7166,t
7167,x
7168,d
7169,c
7170,l
7171,h
7172,o
7173,p
7174,s
7175,b
7176,a
7177,z
7178,l
7179,f
7180,w
7181,d
7182,u
7183,t
7184,w
7185,o
7186,c
7187,m
7188,i
7189,m
7190,j
7191,h
7192,c
7193,w
7194,j
7195,x
7196,i
7197,e
7198,c
7199,w
7200,s
7201,h
7202,l
7203,j
7204,r
7205,p
7206,o
7207,i
7208,p
7209,f
7210,s
7211,o
7212,l
7213,v
7214,t
7215,y
7216,q
7217,a
7218,t
7219,t
7220,b
7221,o
7222,b
7223,o
7224,a
7225,l
7226,o
7227,q
7228,v
7229,s
7230,l
7231,d
7232,z
7233,w
7234,t
7235,c
7236,x
7237,b
7238,k
7239,y
7240,r
7241,i
7242,u
7243,m
7244,d
7245,i
7246,u
7247,j
7248,q
7249,b
7250,u
7251,w
7252,v
7253,d
7254,t
7255,a
7256,g
7257,n
7258,f
7259,b
7260,w
7261,c
7262,p
7263,u
7264,e
7265,i
7266,b
7267,j
7268,w
7269,v
7270,j
7271,p
7272,b
7273,p
7274,v
7275,b
7276,x
7277,n
7278,s
7279,i
7280,d
7281,q
7282,p
7283,l
7284,s
7285,d
7286,r
7287,j
7288,d
7289,t
7290,n
7291,i
7292,t
7293,n
7294,k
7295,i
7296,j
7297,z
7298,m
7299,p
7300,u
7301,f
7302,p
7303,g
7304,c
7305,z
7306,y
7307,a
7308,u
7309,a
7310,q
7311,r
7312,g
7313,h
7314,z
7315,n
7316,a
7317,w
7318,f
7319,i
7320,e
7321,e
7322,c
7323,m
7324,y
7325,f
7326,i
7327,a
7328,y
7329,b
7330,j
7331,c
7332,p
7333,t
7334,r
7335,f
7336,j
7337,r
7338,p
7339,a
7340,n
7341,o
7342,k
7343,j
7344,n
7345,s
7346,j
7347,k
7348,h
7349,w
7350,y
7351,p
7352,k
7353,v
7354,k
7355,e
7356,b
7357,g
7358,a
7359,w
7360,l
7361,l
7362,u
7363,n
7364,c
7365,g
7366,b
7367,w
7368,e
7369,c
7370,o
7371,q
7372,w
7373,z
7374,h
7375,t
7376,v
7377,i
7378,b
7379,p
7380,g
7381,j
7382,f
7383,l
7384,o
7385,v
7386,p
7387,w
7388,v
7389,t
7390,p
7391,d
7392,u
7393,c
7394,y
7395,e
7396,s
7397,k
7398,d
7399,d
7400,t
7401,g
7402,n
7403,z
7404,p
7405,o
7406,c
7407,d
7408,i
7409,y
7410,m
7411,i
7412,g
7413,e
7414,s
7415,v
7416,m
7417,b
7418,r
7419,d
7420,k
7421,w
7422,x
7423,k
7424,r
7425,n
7426,d
7427,b
7428,e
7429,q
7430,w
7431,a
7432,n
7433,o
7434,s
7435,a
7436,e
7437,d
7438,k
7439,i
7440,d
7441,h
7442,p
7443,b
7444,r
7445,v
7446,g
7447,f
7448,f
7449,q
7450,p
7451,b
7452,e
7453,m
7454,t
7455,z
7456,a
7457,o
7458,y
7459,j
7460,k
7461,k
7462,v
7463,r
7464,p
7465,u
7466,g
7467,z
7468,v
7469,j
7470,y
7471,b
7472,n
7473,a
7474,e
7475,h
7476,l
7477,r
7478,e
7479,i
7480,l
7481,h
7482,l
7483,i
7484,o
7485,g
7486,m
7487,t
7488,n
7489,i
7490,l
7491,q
7492,m
7493,w
7494,w
7495,z
7496,k
7497,r
7498,p
7499,x
7500,n
7501,f
7502,a
7503,u
7504,l
7505,q
7506,e
7507,f
7508,e
7509,c
7510,n
7511,w
7512,p
7513,f
7514,z
7515,d
7516,e
7517,a
7518,j
7519,o
7520,m
7521,n
7522,t
7523,l
7524,a
7525,j
7526,j
7527,r
7528,x
7529,x
7530,v
7531,o
7532,r
7533,v
7534,n
7535,f
7536,e
7537,w
7538,w
7539,j
7540,m
7541,b
7542,w
7543,e
7544,o
7545,h
7546,l
7547,w
7548,y
7549,c
7550,b
7551,i
7552,j
7553,f
7554,v
7555,a
7556,r
7557,b
7558,i
7559,d
7560,o
7561,b
7562,u
7563,q
7564,y
7565,z
7566,v
7567,b
7568,i
7569,p
7570,o
7571,l
7572,i
7573,u
7574,c
7575,v
7576,e
7577,k
7578,x
7579,q
7580,f
7581,w
7582,d
7583,r
7584,c
7585,x
7586,l
7587,v
7588,k
7589,v
7590,c
7591,z
7592,y
7593,m
7594,y
7595,s
7596,g
7597,p
7598,m
7599,b
7600,g
7601,e
7602,a
7603,e
7604,q
7605,x
7606,r
7607,z
7608,a
7609,x
7610,n
7611,r
7612,s
7613,q
7614,t
7615,r
7616,p
7617,l
7618,p
7619,n
7620,y
7621,y
7622,m
7623,t
7624,q
7625,b
7626,u
7627,o
7628,n
7629,t
7630,y
7631,f
7632,p
7633,j
7634,u
7635,u
7636,e
7637,g
7638,c
7639,c
7640,t
7641,j
7642,l
7643,l
7644,a
7645,w
7646,g
7647,g
7648,o
7649,n
7650,y
7651,d
7652,z
7653,q
7654,g
7655,l
7656,u
7657,v
7658,c
7659,h
7660,b
7661,j
7662,t
7663,h
7664,z
7665,l
7666,i
7667,c
7668,j
7669,j
7670,n
7671,r
7672,u
7673,s
7674,a
7675,x
7676,f
7677,m
7678,r
7679,d
7680,h
7681,q
7682,f
7683,v
7684,t
7685,v
7686,o
7687,f
7688,t
7689,n
7690,i
7691,q
7692,v
7693,h
7694,g
7695,m
7696,w
7697,o
7698,n
7699,s
7700,h
7701,h
7702,o
7703,p
7704,b
7705,v
7706,g
7707,w
7708,e
7709,w
7710,z
7711,n
7712,f
7713,r
7714,m
7715,f
7716,q
7717,t
7718,y
7719,k
7720,k
7721,s
7722,y
7723,n
7724,q
7725,v
7726,b
7727,j
7728,n
7729,n
7730,z
7731,g
7732,b
7733,u
7734,t
7735,u
7736,b
7737,s
7738,b
7739,c
7740,b
7741,g
7742,x
7743,w
7744,s
7745,d
7746,o
7747,s
7748,c
7749,q
7750,h
7751,h
7752,l
7753,j
7754,u
7755,e
7756,j
7757,d
7758,p
7759,v
7760,u
7761,g
7762,k
7763,l
7764,f
7765,g
7766,y
7767,d
7768,v
7769,g
7770,i
7771,r
7772,n
7773,p
7774,v
7775,s
7776,g
7777,t
7778,u
7779,w
7780,s
7781,i
7782,s
7783,a
7784,z
7785,n
7786,y
7787,d
7788,a
7789,q
7790,h
7791,k
7792,b
7793,i
7794,a
7795,q
7796,b
7797,t
7798,p
7799,m
7800,l
7801,v
7802,d
7803,c
7804,q
7805,s
7806,y
7807,b
7808,i
7809,z
7810,a
7811,z
7812,e
7813,d
7814,d
7815,b
7816,j
7817,r
7818,v
7819,j
7820,t
7821,l
7822,y
7823,g
7824,m
7825,c
7826,u
7827,f
7828,a
7829,c
7830,n
7831,a
7832,k
7833,a
7834,n
7835,n
7836,g
7837,d
7838,f
7839,f
7840,x
7841,v
7842,v
7843,u
7844,c
7845,c
7846,y
7847,g
7848,n
7849,q
7850,r
7851,f
7852,c
7853,c
7854,g
7855,i
7856,o
7857,l
7858,m
7859,s
7860,z
7861,v
7862,b
7863,k
7864,d
7865,u
7866,s
7867,v
7868,g
7869,b
7870,t
7871,m
7872,e
7873,m
7874,x
7875,a
7876,h
7877,a
7878,q
7879,n
7880,y
7881,q
7882,i
7883,h
7884,e
7885,o
7886,c
7887,r
7888,e
7889,d
7890,l
7891,y
7892,b
7893,a
7894,l
7895,o
7896,w
7897,e
7898,y
7899,c
7900,e
7901,a
7902,h
7903,f
7904,h
7905,g
7906,h
7907,p
7908,m
7909,v
7910,z
7911,o
7912,h
7913,w
7914,s
7915,t
7916,j
7917,d
7918,g
7919,q
7920,h
7921,g
7922,m
7923,h
7924,b
7925,f
7926,d
7927,j
7928,o
7929,b
7930,x
7931,k
7932,c
7933,u
7934,o
7935,h
7936,z
7937,f
7938,u
7939,h
7940,n
7941,e
7942,g
7943,a
7944,u
7945,c
7946,n
7947,r
7948,l
7949,r
7950,m
7951,f
7952,n
7953,h
7954,g
7955,j
7956,i
7957,o
7958,s
7959,n
7960,w
7961,q
7962,s
7963,i
7964,o
7965,y
7966,e
7967,m
7968,h
7969,s
7970,f
7971,b
7972,j
7973,q
7974,g
7975,r
7976,i
7977,n
7978,a
7979,a
7980,v
7981,r
7982,a
7983,o
7984,x
7985,p
7986,e
7987,j
7988,v
7989,q
7990,e
7991,q
7992,u
7993,q
7994,d
7995,u
7996,f
7997,q
7998,c
7999,y
8000,x
8001,v
8002,a
8003,d
8004,l
8005,f
8006,d
8007,i
8008,q
8009,z
8010,h
8011,h
8012,d
8013,d
8014,v
8015,e
8016,k
8017,f
8018,e
8019,m
8020,q
8021,v
8022,m
8023,t
8024,j
8025,o
8026,p
8027,j
8028,p
8029,b
8030,d
8031,v
8032,w
8033,b
8034,a
8035,l
8036,u
8037,i
8038,q
8039,w
8040,k
8041,v
8042,e
8043,u
8044,f
8045,q
8046,b
8047,p
8048,r
8049,e
8050,l
8051,o
8052,j
8053,u
8054,f
8055,f
8056,y
8057,d
8058,k
8059,i
8060,u
8061,x
8062,b
8063,l
8064,z
8065,d
8066,z
8067,x
8068,k
8069,z
8070,n
8071,r
8072,d
8073,t
8074,j
8075,d
8076,h
8077,s
8078,o
8079,w
8080,y
8081,c
8082,d
8083,z
8084,j
8085,c
8086,n
8087,b
8088,q
8089,k
8090,u
8091,t
8092,l
8093,s
8094,g
8095,w
8096,b
8097,w
8098,v
8099,f
8100,j
8101,m
8102,y
8103,o
8104,g
8105,i
8106,q
8107,z
8108,m
8109,v
8110,l
8111,e
8112,r
8113,d
8114,i
8115,i
8116,l
8117,r
8118,n
8119,f
8120,g
8121,y
8122,q
8123,q
8124,u
8125,q
8126,b
8127,b
8128,s
8129,y
8130,i
8131,g
8132,j
8133,s
8134,z
8135,j
8136,m
8137,y
8138,j
8139,r
8140,z
8141,j
8142,p
8143,h
8144,c
8145,k
8146,y
8147,b
8148,x
8149,e
8150,p
8151,t
8152,a
8153,v
8154,a
8155,z
8156,e
8157,d
8158,m
8159,k
8160,c
8161,b
8162,a
8163,b
8164,w
8165,l
8166,c
8167,r
8168,d
8169,s
8170,h
8171,p
8172,l
8173,a
8174,y
8175,o
8176,z
8177,d
8178,y
8179,m
8180,o
8181,i
8182,b
8183,y
8184,m
8185,g
8186,y
8187,v
8188,j
8189,t
8190,k
8191,s
8192,q
8193,u
8194,a
8195,r
8196,f
8197,e
8198,k
8199,l
8200,x
8201,b
8202,s
8203,j
8204,e
8205,a
8206,e
8207,h
8208,j
8209,b
8210,o
8211,o
8212,n
8213,l
8214,s
8215,v
8216,f
8217,p
8218,i
8219,j
8220,e
8221,a
8222,q
8223,u
8224,w
8225,y
8226,u
8227,d
8228,f
8229,p
8230,d
8231,s
8232,g
8233,a
8234,e
8235,v
8236,w
8237,y
8238,t
8239,z
8240,f
8241,k
8242,z
8243,u
8244,l
8245,t
8246,f
8247,f
8248,u
8249,p
8250,e
8251,x
8252,i
8253,t
8254,g
8255,g
8256,k
8257,s
8258,o
8259,p
8260,o
8261,e
8262,g
8263,z
8264,d
8265,y
8266,r
8267,e
8268,t
8269,m
8270,s
8271,t
8272,h
8273,r
8274,o
8275,g
8276,y
8277,s
8278,i
8279,u
8280,e
8281,m
8282,i
8283,d
8284,a
8285,q
8286,n
8287,f
8288,q
8289,z
8290,g
8291,n
8292,s
8293,d
8294,q
8295,q
8296,a
8297,p
8298,t
8299,b
8300,e
8301,f
8302,g
8303,l
8304,a
8305,i
8306,i
8307,g
8308,o
8309,q
8310,i
8311,y
8312,x
8313,z
8314,i
8315,r
8316,c
8317,w
8318,n
8319,t
8320,j
8321,t
8322,w
8323,a
8324,v
8325,c
8326,w
8327,j
8328,d
8329,b
8330,h
8331,y
8332,u
8333,f
8334,v
8335,j
8336,i
8337,g
8338,s
8339,f
8340,n
8341,i
8342,e
8343,s
8344,m
8345,p
8346,v
8347,q
8348,e
8349,p
8350,a
8351,w
8352,s
8353,q
8354,x
8355,s
8356,t
8357,u
8358,h
8359,c
8360,x
8361,b
8362,r
8363,h
8364,a
8365,e
8366,r
8367,s
8368,k
8369,d
8370,u
8371,l
8372,i
8373,x
8374,n
8375,s
8376,s
8377,h
8378,d
8379,h
8380,j
8381,x
8382,f
8383,s
8384,s
8385,j
8386,x
8387,l
8388,n
8389,h
8390,t
8391,q
8392,t
8393,z
8394,x
8395,b
8396,e
8397,v
8398,l
8399,d
8400,x
8401,t
8402,t
8403,f
8404,v
8405,f
8406,s
8407,d
8408,l
8409,t
8410,y
8411,a
8412,d
8413,v
8414,t
8415,h
8416,x
8417,l
8418,u
8419,w
8420,x
8421,s
8422,b
8423,t
8424,c
8425,r
8426,b
8427,z
8428,o
8429,u
8430,v
8431,a
8432,o
8433,r
8434,z
8435,h
8436,s
8437,l
8438,y
8439,u
8440,s
8441,b
8442,v
8443,p
8444,q
8445,r
8446,o
8447,d
8448,m
8449,b
8450,e
8451,q
8452,v
8453,n
8454,c
8455,s
8456,p
8457,q
8458,t
8459,u
8460,m
8461,q
8462,r
8463,w
8464,q
8465,m
8466,e
8467,x
8468,u
8469,s
8470,t
8471,d
8472,y
8473,o
8474,p
8475,t
8476,b
8477,w
8478,x
8479,h
8480,s
8481,r
8482,p
8483,v
8484,e
8485,k
8486,s
8487,w
8488,g
8489,w
8490,o
8491,h
8492,m
8493,w
8494,p
8495,x
8496,r
8497,z
8498,b
8499,g
8500,d
8501,m
8502,e
8503,x
8504,y
8505,z
8506,y
8507,p
8508,q
8509,x
8510,j
8511,k
8512,n
8513,w
8514,p
8515,j
8516,i
8517,q
8518,e
8519,h
8520,y
8521,k
8522,y
8523,x
8524,b
8525,g
8526,i
8527,x
8528,l
8529,f
8530,a
8531,t
8532,b
8533,g
8534,e
8535,k
8536,a
8537,t
8538,d
8539,b
8540,v
8541,c
8542,b
8543,t
8544,c
8545,o
8546,f
8547,u
8548,y
8549,r
8550,i
8551,f
8552,e
8553,w
8554,b
8555,c
8556,u
8557,g
8558,y
8559,k
8560,j
8561,e
8562,e
8563,k
8564,e
8565,y
8566,q
8567,x
8568,s
8569,h
8570,c
8571,f
8572,g
8573,v
8574,i
8575,m
8576,q
8577,x
8578,r
8579,v
8580,e
8581,u
8582,f
8583,r
8584,o
8585,h
8586,p
8587,x
8588,g
8589,s
8590,g
8591,r
8592,o
8593,u
8594,c
8595,t
8596,t
8597,d
8598,f
8599,t
8600,l
8601,d
8602,h
8603,y
8604,r
8605,o
8606,p
8607,n
8608,i
8609,m
8610,p
8611,p
8612,a
8613,w
8614,p
8615,m
8616,e
8617,b
8618,k
8619,c
8620,f
8621,s
8622,d
8623,h
8624,v
8625,w
8626,t
8627,d
8628,z
8629,z
8630,n
8631,a
8632,v
8633,b
8634,v
8635,a
8636,f
8637,h
8638,w
8639,j
8640,m
8641,l
8642,x
8643,i
8644,g
8645,v
8646,o
8647,q
8648,d
8649,z
8650,h
8651,d
8652,d
8653,w
8654,g
8655,b
8656,h
8657,z
8658,k
8659,m
8660,b
8661,j
8662,j
8663,s
8664,m
8665,k
8666,y
8667,x
8668,t
8669,q
8670,m
8671,q
8672,e
8673,a
8674,r
8675,i
8676,u
8677,q
8678,w
8679,u
8680,n
8681,y
8682,e
8683,i
8684,e
8685,w
8686,b
8687,q
8688,e
8689,g
8690,p
8691,r
8692,n
8693,b
8694,m
8695,i
8696,k
8697,s
8698,v
8699,m
8700,t
8701,p
8702,e
8703,f
8704,y
8705,o
8706,g
8707,m
8708,t
8709,i
8710,g
8711,v
8712,w
8713,h
8714,t
8715,i
8716,d
8717,w
8718,f
8719,y
8720,h
8721,r
8722,x
8723,u
8724,t
8725,l
8726,n
8727,x
8728,i
8729,m
8730,j
8731,k
8732,x
8733,u
8734,p
8735,p
8736,h
8737,k
8738,q
8739,s
8740,u
8741,t
8742,i
8743,h
8744,a
8745,x
8746,q
8747,g
8748,l
8749,g
8750,y
8751,c
8752,l
8753,j
8754,c
8755,r
8756,r
8757,z
8758,x
8759,t
8760,l
8761,a
8762,x
8763,n
8764,p
8765,p
8766,g
8767,w
8768,n
8769,z
8770,j
8771,u
8772,f
8773,d
8774,z
8775,k
8776,f
8777,x
8778,p
8779,c
8780,h
8781,s
8782,e
8783,k
8784,u
8785,w
8786,k
8787,d
8788,w
8789,x
8790,o
8791,v
8792,c
8793,v
8794,u
8795,p
8796,z
8797,j
8798,t
8799,d
8800,w
8801,a
8802,l
8803,i
8804,m
8805,e
8806,o
8807,t
8808,d
8809,a
8810,o
8811,p
8812,l
8813,k
8814,o
8815,h
8816,x
8817,h
8818,t
8819,j
8820,z
8821,f
8822,n
8823,x
8824,p
8825,d
8826,i
8827,v
8828,q
8829,v
8830,r
8831,k
8832,h
8833,n
8834,m
8835,q
8836,x
8837,c
8838,s
8839,b
8840,e
8841,e
8842,u
8843,h
8844,r
8845,z
8846,d
8847,g
8848,t
8849,s
8850,t
8851,r
8852,f
8853,r
8854,i
8855,k
8856,p
8857,r
8858,a
8859,x
8860,d
8861,r
8862,z
8863,s
8864,r
8865,j
8866,o
8867,y
8868,w
8869,i
8870,v
8871,a
8872,w
8873,x
8874,l
8875,g
8876,v
8877,n
8878,t
8879,r
8880,o
8881,c
8882,f
8883,p
8884,w
8885,y
8886,z
8887,f
8888,z
8889,u
8890,q
8891,h
8892,r
8893,u
8894,e
8895,l
8896,p
8897,k
8898,q
8899,u
8900,e
8901,r
8902,o
8903,h
8904,b
8905,i
8906,r
8907,d
8908,m
8909,z
8910,r
8911,v
8912,v
8913,w
8914,h
8915,i
8916,i
8917,y
8918,a
8919,c
8920,n
8921,d
8922,q
8923,y
8924,m
8925,s
8926,n
8927,d
8928,x
8929,d
8930,a
8931,n
8932,r
8933,v
8934,g
8935,i
8936,p
8937,f
8938,k
8939,s
8940,c
8941,d
8942,o
8943,i
8944,p
8945,v
8946,x
8947,a
8948,h
8949,g
8950,v
8951,y
8952,c
8953,h
8954,w
8955,v
8956,y
8957,h
8958,p
8959,g
8960,y
8961,d
8962,s
8963,a
8964,y
8965,z
8966,o
8967,x
8968,s
8969,c
8970,c
8971,i
8972,n
8973,o
8974,f
8975,u
8976,y
8977,w
8978,t
8979,h
8980,j
8981,y
8982,z
8983,f
8984,x
8985,l
8986,t
8987,g
8988,v
8989,q
8990,o
8991,t
8992,z
8993,t
8994,p
8995,k
8996,b
8997,e
8998,z
8999,q
9000,m
9001,a
9002,m
9003,x
9004,q
9005,c
9006,p
9007,f
9008,v
9009,k
9010,d
9011,o
9012,h
9013,c
9014,s
9015,f
9016,v
9017,a
9018,v
9019,x
9020,q
9021,p
9022,h
9023,i
9024,u
9025,v
9026,a
9027,o
9028,e
9029,c
9030,i
9031,w
9032,x
9033,x
9034,y
9035,p
9036,r
9037,z
9038,b
9039,h
9040,l
9041,k
9042,s
9043,k
9044,w
9045,v
9046,j
9047,z
9048,c
9049,l
9050,e
9051,j
9052,g
9053,v
9054,n
9055,t
9056,u
9057,a
9058,n
9059,t
9060,d
9061,a
9062,g
9063,s
9064,l
9065,s
9066,g
9067,r
9068,k
9069,v
9070,v
9071,o
9072,i
9073,h
9074,q
9075,l
9076,e
9077,d
9078,z
9079,o
9080,q
9081,p
9082,s
9083,f
9084,o
9085,c
9086,p
9087,s
9088,a
9089,r
9090,l
9091,v
9092,m
9093,a
9094,x
9095,v
9096,p
9097,g
9098,k
9099,s
9100,x
9101,g
9102,g
9103,n
9104,l
9105,w
9106,j
9107,l
9108,v
9109,n
9110,a
9111,d
9112,f
9113,f
9114,l
9115,e
9116,y
9117,y
9118,k
9119,q
9120,z
9121,t
9122,u
9123,j
9124,a
9125,e
9126,m
9127,q
9128,l
9129,y
9130,m
9131,i
9132,n
9133,w
9134,d
9135,p
9136,n
9137,f
9138,j
9139,v
9140,n
9141,s
9142,f
9143,g
9144,m
9145,m
9146,d
9147,n
9148,e
9149,d
9150,e
9151,a
9152,j
9153,i
9154,c
9155,b
9156,c
9157,m
9158,o
9159,h
9160,b
9161,s
9162,o
9163,n
9164,z
9165,j
9166,z
9167,d
9168,o
9169,f
9170,o
9171,x
9172,c
9173,u
9174,j
9175,d
9176,x
9177,l
9178,k
9179,f
9180,g
9181,h
9182,y
9183,b
9184,y
9185,y
9186,s
9187,r
9188,i
9189,s
9190,v
9191,d
9192,u
9193,g
9194,h
9195,o
9196,m
9197,l
9198,l
9199,n
9200,j
9201,c
9202,y
9203,n
9204,t
9205,j
9206,f
9207,l
9208,k
9209,h
9210,t
9211,c
9212,w
9213,w
9214,v
9215,l
9216,f
9217,e
9218,o
9219,k
9220,m
9221,e
9222,s
9223,w
9224,p
9225,j
9226,t
9227,x
9228,g
9229,k
9230,d
9231,z
9232,f
9233,v
9234,q
9235,m
9236,a
9237,l
9238,m
9239,f
9240,m
9241,w
9242,u
9243,y
9244,n
9245,w
9246,q
9247,w
9248,a
9249,p
9250,x
9251,s
9252,o
9253,i
9254,q
9255,j
9256,z
9257,y
9258,m
9259,l
9260,r
9261,w
9262,g
9263,r
9264,u
9265,a
9266,e
9267,x
9268,b
9269,o
9270,j
9271,a
9272,k
9273,t
9274,h
9275,v
9276,o
9277,w
9278,w
9279,h
9280,r
9281,k
9282,c
9283,m
9284,y
9285,i
9286,a
9287,h
9288,k
9289,i
9290,r
9291,a
9292,v
9293,b
9294,f
9295,c
9296,t
9297,e
9298,m
9299,a
9300,f
9301,i
9302,d
9303,g
9304,n
9305,v
9306,j
9307,d
9308,x
9309,a
9310,x
9311,p
9312,q
9313,s
9314,s
9315,u
9316,p
9317,s
9318,n
9319,c
9320,p
9321,q
9322,t
9323,c
9324,z
9325,h
9326,h
9327,v
9328,h
9329,d
9330,p
9331,l
9332,c
9333,j
9334,w
9335,x
9336,k
9337,z
9338,k
9339,y
9340,g
9341,l
9342,c
9343,z
9344,u
9345,l
9346,s
9347,w
9348,e
9349,g
9350,q
9351,l
9352,j
9353,a
9354,u
9355,s
9356,s
9357,z
9358,z
9359,d
9360,p
9361,e
9362,m
9363,x
9364,s
9365,x
9366,v
9367,q
9368,d
9369,t
9370,h
9371,w
9372,f
9373,j
9374,h
9375,h
9376,w
9377,v
9378,e
9379,b
9380,b
9381,s
9382,i
9383,u
9384,k
9385,u
9386,z
9387,t
9388,x
9389,n
9390,r
9391,h
9392,g
9393,x
9394,p
9395,c
9396,m
9397,w
9398,r
9399,b
9400,m
9401,j
9402,h
9403,i
9404,i
9405,q
9406,q
9407,p
9408,h
9409,z
9410,f
9411,m
9412,x
9413,o
9414,r
9415,z
9416,r
9417,t
9418,e
9419,h
9420,q
9421,k
9422,k
9423,l
9424,w
9425,b
9426,d
9427,r
9428,k
9429,d
9430,h
9431,p
9432,g
9433,o
9434,e
9435,q
9436,i
9437,b
9438,l
9439,k
9440,j
9441,q
9442,z
9443,p
9444,n
9445,g
9446,o
9447,o
9448,r
9449,g
9450,x
9451,i
9452,t
9453,s
9454,l
9455,h
9456,t
9457,j
9458,q
9459,t
9460,y
9461,n
9462,i
9463,v
9464,e
9465,w
9466,c
9467,e
9468,n
9469,a
9470,j
9471,v
9472,b
9473,p
9474,k
9475,o
9476,a
9477,y
9478,w
9479,z
9480,f
9481,y
9482,n
9483,n
9484,o
9485,s
9486,p
9487,x
9488,k
9489,o
9490,w
9491,d
9492,p
9493,o
9494,u
9495,l
9496,j
9497,l
9498,a
9499,h
9500,x
9501,m
9502,a
9503,a
9504,o
9505,o
9506,k
9507,q
9508,o
9509,p
9510,i
9511,c
9512,l
9513,p
9514,m
9515,u
9516,p
9517,g
9518,b
9519,q
9520,k
9521,b
9522,u
9523,c
9524,j
9525,p
9526,c
9527,i
9528,q
9529,e
9530,w
9531,q
9532,v
9533,k
9534,y
9535,r
9536,i
9537,c
9538,k
9539,b
9540,z
9541,h
9542,f
9543,m
9544,n
9545,y
9546,f
9547,z
9548,f
9549,g
9550,a
9551,n
9552,q
9553,x
9554,m
9555,b
9556,s
9557,f
9558,d
9559,u
9560,f
9561,o
9562,k
9563,z
9564,b
9565,w
9566,t
9567,h
9568,m
9569,o
9570,m
9571,s
9572,f
9573,b
9574,v
9575,a
9576,s
9577,e
9578,n
9579,f
9580,b
9581,e
9582,m
9583,v
9584,t
9585,x
9586,f
9587,x
9588,v
9589,i
9590,s
9591,w
9592,h
9593,l
9594,q
9595,o
9596,r
9597,y
9598,n
9599,v
9600,v
9601,r
9602,l
9603,b
9604,b
9605,n
9606,x
9607,g
9608,p
9609,u
9610,a
9611,f
9612,u
9613,t
9614,i
9615,s
9616,d
9617,z
9618,c
9619,d
9620,u
9621,v
9622,y
9623,x
9624,e
9625,y
9626,m
9627,t
9628,e
9629,g
9630,b
9631,j
9632,b
9633,n
9634,c
9635,y
9636,t
9637,y
9638,q
9639,o
9640,b
9641,w
9642,m
9643,v
9644,w
9645,o
9646,l
9647,c
9648,m
9649,h
9650,p
9651,e
9652,j
9653,a
9654,t
9655,h
9656,f
9657,b
9658,q
9659,l
9660,q
9661,i
9662,d
9663,i
9664,t
9665,b
9666,k
9667,u
9668,p
9669,q
9670,z
9671,s
9672,l
9673,k
9674,a
9675,x
9676,l
9677,c
9678,y
9679,e
9680,x
9681,k
9682,a
9683,a
9684,j
9685,t
9686,o
9687,m
9688,h
9689,x
9690,j
9691,t
9692,v
9693,w
9694,w
9695,v
9696,i
9697,f
9698,m
9699,e
9700,i
9701,h
9702,j
9703,s
9704,b
9705,p
9706,e
9707,i
9708,l
9709,c
9710,o
9711,b
9712,m
9713,s
9714,a
9715,q
9716,c
9717,e
9718,u
9719,z
9720,q
9721,t
9722,f
9723,j
9724,e
9725,o
9726,h
9727,c
9728,v
9729,w
9730,g
9731,q
9732,m
9733,v
9734,g
9735,u
9736,o
9737,a
9738,y
9739,o
9740,v
9741,u
9742,d
9743,g
9744,t
9745,h
9746,l
9747,y
9748,k
9749,t
9750,w
9751,n
9752,e
9753,a
9754,e
9755,d
9756,t
9757,w
9758,v
9759,j
9760,q
9761,x
9762,x
9763,g
9764,l
9765,o
9766,x
9767,r
9768,x
9769,y
9770,u
9771,t
9772,e
9773,o
9774,i
9775,x
9776,o
9777,g
9778,n
9779,a
9780,h
9781,o
9782,t
9783,u
9784,r
9785,a
9786,i
9787,o
9788,m
9789,m
9790,h
9791,b
9792,c
9793,l
9794,j
9795,j
9796,c
9797,w
9798,t
9799,u
9800,u
9801,e
9802,g
9803,v
9804,t
9805,o
9806,i
9807,u
9808,o
9809,f
9810,y
9811,b
9812,c
9813,t
9814,f
9815,x
9816,x
9817,c
9818,r
9819,h
9820,s
9821,l
9822,n
9823,j
9824,i
9825,f
9826,a
9827,h
9828,d
9829,d
9830,n
9831,x
9832,i
9833,r
9834,o
9835,s
9836,e
9837,p
9838,w
9839,c
9840,s
9841,v
9842,a
9843,a
9844,b
9845,y
9846,t
9847,w
9848,i
9849,p
9850,w
9851,i
9852,t
9853,g
9854,y
9855,j
9856,o
9857,p
9858,y
9859,v
9860,g
9861,f
9862,e
9863,o
9864,g
9865,w
9866,z
9867,d
9868,v
9869,o
9870,x
9871,e
9872,p
9873,r
9874,z
9875,n
9876,y
9877,v
9878,m
9879,g
9880,y
9881,a
9882,p
9883,z
9884,b
9885,p
9886,o
9887,a
9888,b
9889,i
9890,w
9891,l
9892,w
9893,a
9894,e
9895,p
9896,s
9897,v
9898,f
9899,j
9900,c
9901,n
9902,g
9903,s
9904,p
9905,c
9906,c
9907,c
9908,y
9909,c
9910,v
9911,s
9912,x
9913,p
9914,c
9915,q
9916,b
9917,z
9918,x
9919,x
9920,h
9921,s
9922,i
9923,z
9924,h
9925,h
9926,s
9927,a
9928,x
9929,q
9930,s
9931,d
9932,q
9933,v
9934,l
9935,o
9936,l
9937,j
9938,t
9939,s
9940,d
9941,j
9942,d
9943,k
9944,n
9945,u
9946,l
9947,u
9948,p
9949,y
9950,r
9951,s
9952,f
9953,q
9954,e
9955,e
9956,f
9957,f
9958,o
9959,v
9960,u
9961,g
9962,o
9963,e
9964,p
9965,s
9966,r
9967,v
9968,g
9969,x
9970,a
9971,z
9972,v
9973,j
9974,t
9975,b
9976,a
9977,g
9978,a
9979,e
9980,p
9981,d
9982,c
9983,z
9984,m
9985,t
9986,s
9987,m
9988,i
9989,k
9990,s
9991,n
9992,t
9993,h
9994,t
9995,w
9996,f
9997,k
9998,n
9999,s
